NameKad,NumberKad,Province,District,Party,NameRegister,Point,Tag,TargetPoint,Datevan,DateMount
กทม1,1,กทม,เมือง,เพื่อไทย,นายเปา ก่อนเที่ยง,30000,ชนะขาด,25000,12/1/18,1/12/18
กทม1,1,กทม,เมือง,อนาคตใหม่,นายมอส วงสา,500,แพ้ขาด,1000,12/1/18,1/12/18
กทม1,1,กทม,เมือง,ไทยรักไทย,นายซอ จรัสแสง,5000,แพ้ขาด,6000,12/1/18,1/12/18
กทม1,1,กทม,เมือง,ประชาธิปัตย์,นางสง่า งามจัง,5000,แพ้ขาด,6000,12/1/18,1/12/18
กทม1,1,กทม,เมือง,เพื่อไทย,นายเปา ก่อนเที่ยง,25000,ชนะขาด,25000,12/2/18,2/12/18
กทม1,1,กทม,เมือง,อนาคตใหม่,นายมอส วงสา,2500,แพ้ขาด,1000,12/2/18,2/12/18
กทม1,1,กทม,เมือง,ไทยรักไทย,นายซอ จรัสแสง,8000,แพ้ขาด,6000,12/2/18,2/12/18
กทม1,1,กทม,เมือง,ประชาธิปัตย์,นางสง่า งามจัง,5000,แพ้ขาด,6000,12/2/18,2/12/18
กทม1,1,กทม,เมือง,เพื่อไทย,นายเปา ก่อนเที่ยง,24000,ชนะขาด,25000,12/3/18,3/12/18
กทม1,1,กทม,เมือง,อนาคตใหม่,นายมอส วงสา,3000,แพ้ขาด,1000,12/3/18,3/12/18
กทม1,1,กทม,เมือง,ไทยรักไทย,นายซอ จรัสแสง,8500,แพ้ขาด,6000,12/3/18,3/12/18
กทม1,1,กทม,เมือง,ประชาธิปัตย์,นางสง่า งามจัง,5000,แพ้ขาด,6000,12/3/18,3/12/18
กทม1,1,กทม,เมือง,เพื่อไทย,นายเปา ก่อนเที่ยง,20000,ชนะขาด,25000,12/4/18,4/12/18
กทม1,1,กทม,เมือง,อนาคตใหม่,นายมอส วงสา,5000,แพ้ขาด,1000,12/4/18,4/12/18
กทม1,1,กทม,เมือง,ไทยรักไทย,นายซอ จรัสแสง,10500,แพ้ขาด,6000,12/4/18,4/12/18
กทม1,1,กทม,เมือง,ประชาธิปัตย์,นางสง่า งามจัง,5000,แพ้ขาด,6000,12/4/18,4/12/18
กทม1,1,กทม,เมือง,เพื่อไทย,นายเปา ก่อนเที่ยง,22000,ชนะขาด,25000,12/5/18,5/12/18
กทม1,1,กทม,เมือง,อนาคตใหม่,นายมอส วงสา,4000,แพ้ขาด,1000,12/5/18,5/12/18
กทม1,1,กทม,เมือง,ไทยรักไทย,นายซอ จรัสแสง,9500,แพ้ขาด,6000,12/5/18,5/12/18
กทม1,1,กทม,เมือง,ประชาธิปัตย์,นางสง่า งามจัง,5000,แพ้ขาด,6000,12/5/18,5/12/18
กทม1,1,กทม,เมือง,เพื่อไทย,นายเปา ก่อนเที่ยง,25000,ชนะขาด,25000,12/6/18,6/12/18
กทม1,1,กทม,เมือง,อนาคตใหม่,นายมอส วงสา,2500,แพ้ขาด,1000,12/6/18,6/12/18
กทม1,1,กทม,เมือง,ไทยรักไทย,นายซอ จรัสแสง,8000,แพ้ขาด,6000,12/6/18,6/12/18
กทม1,1,กทม,เมือง,ประชาธิปัตย์,นางสง่า งามจัง,5000,แพ้ขาด,6000,12/6/18,6/12/18
กทม1,1,กทม,เมือง,เพื่อไทย,นายเปา ก่อนเที่ยง,21000,ชนะขาด,25000,12/7/18,7/12/18
กทม1,1,กทม,เมือง,อนาคตใหม่,นายมอส วงสา,4500,แพ้ขาด,1000,12/7/18,7/12/18
กทม1,1,กทม,เมือง,ไทยรักไทย,นายซอ จรัสแสง,10000,แพ้ขาด,6000,12/7/18,7/12/18
กทม1,1,กทม,เมือง,ประชาธิปัตย์,นางสง่า งามจัง,5000,แพ้ขาด,6000,12/7/18,7/12/18
กทม2,2,กทม,สุขุม,เพื่อไทย,นายไปไหน ก็ได้,3000,สูสี หนีแพ้,7000,12/1/18,1/12/18
กทม2,2,กทม,สุขุม,อนาคตใหม่,นายรักชาติ ยิ่งชีพ,1500,แพ้ขาด,1500,12/1/18,1/12/18
กทม2,2,กทม,สุขุม,ไทยรักไทย,นายกิตติ ตีดัง,6000,สูสี หนีแพ้,7000,12/1/18,1/12/18
กทม2,2,กทม,สุขุม,ประชาธิปัตย์,นายขอร้อง ก่อนนะ,5000,สูสี หนีแพ้,7000,12/1/18,1/12/18
กทม2,2,กทม,สุขุม,เพื่อไทย,นายไปไหน ก็ได้,2500,สูสี หนีแพ้,7000,12/2/18,2/12/18
กทม2,2,กทม,สุขุม,อนาคตใหม่,นายรักชาติ ยิ่งชีพ,1750,แพ้ขาด,1500,12/2/18,2/12/18
กทม2,2,กทม,สุขุม,ไทยรักไทย,นายกิตติ ตีดัง,6250,สูสี หนีแพ้,7000,12/2/18,2/12/18
กทม2,2,กทม,สุขุม,ประชาธิปัตย์,นายขอร้อง ก่อนนะ,5000,สูสี หนีแพ้,7000,12/2/18,2/12/18
กทม2,2,กทม,สุขุม,เพื่อไทย,นายไปไหน ก็ได้,1000,สูสี หนีแพ้,7000,12/3/18,3/12/18
กทม2,2,กทม,สุขุม,อนาคตใหม่,นายรักชาติ ยิ่งชีพ,2500,แพ้ขาด,1500,12/3/18,3/12/18
กทม2,2,กทม,สุขุม,ไทยรักไทย,นายกิตติ ตีดัง,7000,สูสี หนีแพ้,7000,12/3/18,3/12/18
กทม2,2,กทม,สุขุม,ประชาธิปัตย์,นายขอร้อง ก่อนนะ,5000,สูสี หนีแพ้,7000,12/3/18,3/12/18
กทม2,2,กทม,สุขุม,เพื่อไทย,นายไปไหน ก็ได้,3500,สูสี หนีแพ้,7000,12/4/18,4/12/18
กทม2,2,กทม,สุขุม,อนาคตใหม่,นายรักชาติ ยิ่งชีพ,1250,แพ้ขาด,1500,12/4/18,4/12/18
กทม2,2,กทม,สุขุม,ไทยรักไทย,นายกิตติ ตีดัง,5750,สูสี หนีแพ้,7000,12/4/18,4/12/18
กทม2,2,กทม,สุขุม,ประชาธิปัตย์,นายขอร้อง ก่อนนะ,5000,สูสี หนีแพ้,7000,12/4/18,4/12/18
กทม2,2,กทม,สุขุม,เพื่อไทย,นายไปไหน ก็ได้,2400,สูสี หนีแพ้,7000,12/5/18,5/12/18
กทม2,2,กทม,สุขุม,อนาคตใหม่,นายรักชาติ ยิ่งชีพ,1800,แพ้ขาด,1500,12/5/18,5/12/18
กทม2,2,กทม,สุขุม,ไทยรักไทย,นายกิตติ ตีดัง,6300,สูสี หนีแพ้,7000,12/5/18,5/12/18
กทม2,2,กทม,สุขุม,ประชาธิปัตย์,นายขอร้อง ก่อนนะ,5000,สูสี หนีแพ้,7000,12/5/18,5/12/18
กทม2,2,กทม,สุขุม,เพื่อไทย,นายไปไหน ก็ได้,2200,สูสี หนีแพ้,7000,12/6/18,6/12/18
กทม2,2,กทม,สุขุม,อนาคตใหม่,นายรักชาติ ยิ่งชีพ,1900,แพ้ขาด,1500,12/6/18,6/12/18
กทม2,2,กทม,สุขุม,ไทยรักไทย,นายกิตติ ตีดัง,6400,สูสี หนีแพ้,7000,12/6/18,6/12/18
กทม2,2,กทม,สุขุม,ประชาธิปัตย์,นายขอร้อง ก่อนนะ,5000,สูสี หนีแพ้,7000,12/6/18,6/12/18
กทม2,2,กทม,สุขุม,เพื่อไทย,นายไปไหน ก็ได้,4000,สูสี หนีแพ้,7000,12/7/18,7/12/18
กทม2,2,กทม,สุขุม,อนาคตใหม่,นายรักชาติ ยิ่งชีพ,1000,แพ้ขาด,1500,12/7/18,7/12/18
กทม2,2,กทม,สุขุม,ไทยรักไทย,นายกิตติ ตีดัง,5500,สูสี หนีแพ้,7000,12/7/18,7/12/18
กทม2,2,กทม,สุขุม,ประชาธิปัตย์,นายขอร้อง ก่อนนะ,5000,สูสี หนีแพ้,7000,12/7/18,7/12/18
กทม3,3,กทม,สุพานควย,เพื่อไทย,นายกไก่ อ่อนจัง,3000,แพ้ขาด,6000,12/1/18,1/12/18
กทม3,3,กทม,สุพานควย,อนาคตใหม่,นายสมไชย ชัยสี,15500,แพ้ขาด,16000,12/1/18,1/12/18
กทม3,3,กทม,สุพานควย,ไทยรักไทย,นายพักดี จิงไหม,51000,ชนะขาด,30000,12/1/18,1/12/18
กทม3,3,กทม,สุพานควย,ประชาธิปัตย์,นายอยู่สุข ใหญ่ยาว,5000,แพ้ขาด,8000,12/1/18,1/12/18
กทม3,3,กทม,สุพานควย,เพื่อไทย,นายกไก่ อ่อนจัง,1000,แพ้ขาด,6000,12/2/18,2/12/18
กทม3,3,กทม,สุพานควย,อนาคตใหม่,นายสมไชย ชัยสี,16500,แพ้ขาด,16000,12/2/18,2/12/18
กทม3,3,กทม,สุพานควย,ไทยรักไทย,นายพักดี จิงไหม,52000,ชนะขาด,30000,12/2/18,2/12/18
กทม3,3,กทม,สุพานควย,ประชาธิปัตย์,นายอยู่สุข ใหญ่ยาว,5000,แพ้ขาด,8000,12/2/18,2/12/18
กทม3,3,กทม,สุพานควย,เพื่อไทย,นายกไก่ อ่อนจัง,8000,แพ้ขาด,6000,12/3/18,3/12/18
กทม3,3,กทม,สุพานควย,อนาคตใหม่,นายสมไชย ชัยสี,13000,แพ้ขาด,16000,12/3/18,3/12/18
กทม3,3,กทม,สุพานควย,ไทยรักไทย,นายพักดี จิงไหม,48500,ชนะขาด,30000,12/3/18,3/12/18
กทม3,3,กทม,สุพานควย,ประชาธิปัตย์,นายอยู่สุข ใหญ่ยาว,5000,แพ้ขาด,8000,12/3/18,3/12/18
กทม3,3,กทม,สุพานควย,เพื่อไทย,นายกไก่ อ่อนจัง,6000,แพ้ขาด,6000,12/4/18,4/12/18
กทม3,3,กทม,สุพานควย,อนาคตใหม่,นายสมไชย ชัยสี,14000,แพ้ขาด,16000,12/4/18,4/12/18
กทม3,3,กทม,สุพานควย,ไทยรักไทย,นายพักดี จิงไหม,49500,ชนะขาด,30000,12/4/18,4/12/18
กทม3,3,กทม,สุพานควย,ประชาธิปัตย์,นายอยู่สุข ใหญ่ยาว,5000,แพ้ขาด,8000,12/4/18,4/12/18
กทม3,3,กทม,สุพานควย,เพื่อไทย,นายกไก่ อ่อนจัง,1500,แพ้ขาด,6000,12/5/18,5/12/18
กทม3,3,กทม,สุพานควย,อนาคตใหม่,นายสมไชย ชัยสี,16250,แพ้ขาด,16000,12/5/18,5/12/18
กทม3,3,กทม,สุพานควย,ไทยรักไทย,นายพักดี จิงไหม,51750,ชนะขาด,30000,12/5/18,5/12/18
กทม3,3,กทม,สุพานควย,ประชาธิปัตย์,นายอยู่สุข ใหญ่ยาว,5000,แพ้ขาด,8000,12/5/18,5/12/18
กทม3,3,กทม,สุพานควย,เพื่อไทย,นายกไก่ อ่อนจัง,4000,แพ้ขาด,6000,12/6/18,6/12/18
กทม3,3,กทม,สุพานควย,อนาคตใหม่,นายสมไชย ชัยสี,15000,แพ้ขาด,16000,12/6/18,6/12/18
กทม3,3,กทม,สุพานควย,ไทยรักไทย,นายพักดี จิงไหม,55000,ชนะขาด,30000,12/6/18,6/12/18
กทม3,3,กทม,สุพานควย,ประชาธิปัตย์,นายอยู่สุข ใหญ่ยาว,5000,แพ้ขาด,8000,12/6/18,6/12/18
กทม3,3,กทม,สุพานควย,เพื่อไทย,นายกไก่ อ่อนจัง,7000,แพ้ขาด,6000,12/7/18,7/12/18
กทม3,3,กทม,สุพานควย,อนาคตใหม่,นายสมไชย ชัยสี,13500,แพ้ขาด,16000,12/7/18,7/12/18
กทม3,3,กทม,สุพานควย,ไทยรักไทย,นายพักดี จิงไหม,49000,ชนะขาด,30000,12/7/18,7/12/18
กทม3,3,กทม,สุพานควย,ประชาธิปัตย์,นายอยู่สุข ใหญ่ยาว,5000,แพ้ขาด,8000,12/7/18,7/12/18
กทม4,4,กทม,ข้าวสาร,เพื่อไทย,นายแฟร้งเก๊นสไตร์,3000,สูสี หนีแพ้,8000,12/1/18,1/12/18
กทม4,4,กทม,ข้าวสาร,อนาคตใหม่,นายโอโนดะ อิอิ,4200,สูสี หนีแพ้,8000,12/1/18,1/12/18
กทม4,4,กทม,ข้าวสาร,ไทยรักไทย,นายรักไทย ขั้วน้อย,4000,สูสี หนีแพ้,8000,12/1/18,1/12/18
กทม4,4,กทม,ข้าวสาร,ประชาธิปัตย์,นายไทยรักเมือง จิง,500,แพ้ขาด,1500,12/1/18,1/12/18
กทม4,4,กทม,ข้าวสาร,เพื่อไทย,นายแฟร้งเก๊นสไตร์,3000,สูสี หนีแพ้,8000,12/2/18,2/12/18
กทม4,4,กทม,ข้าวสาร,อนาคตใหม่,นายโอโนดะ อิอิ,4200,สูสี หนีแพ้,8000,12/2/18,2/12/18
กทม4,4,กทม,ข้าวสาร,ไทยรักไทย,นายรักไทย ขั้วน้อย,4000,สูสี หนีแพ้,8000,12/2/18,2/12/18
กทม4,4,กทม,ข้าวสาร,ประชาธิปัตย์,นายไทยรักเมือง จิง,500,แพ้ขาด,1500,12/2/18,2/12/18
กทม4,4,กทม,ข้าวสาร,เพื่อไทย,นายแฟร้งเก๊นสไตร์,3500,สูสี หนีแพ้,8000,12/3/18,3/12/18
กทม4,4,กทม,ข้าวสาร,อนาคตใหม่,นายโอโนดะ อิอิ,3950,สูสี หนีแพ้,8000,12/3/18,3/12/18
กทม4,4,กทม,ข้าวสาร,ไทยรักไทย,นายรักไทย ขั้วน้อย,3750,สูสี หนีแพ้,8000,12/3/18,3/12/18
กทม4,4,กทม,ข้าวสาร,ประชาธิปัตย์,นายไทยรักเมือง จิง,500,แพ้ขาด,1500,12/3/18,3/12/18
กทม4,4,กทม,ข้าวสาร,เพื่อไทย,นายแฟร้งเก๊นสไตร์,6000,สูสี หนีแพ้,8000,12/4/18,4/12/18
กทม4,4,กทม,ข้าวสาร,อนาคตใหม่,นายโอโนดะ อิอิ,3700,สูสี หนีแพ้,8000,12/4/18,4/12/18
กทม4,4,กทม,ข้าวสาร,ไทยรักไทย,นายรักไทย ขั้วน้อย,3500,สูสี หนีแพ้,8000,12/4/18,4/12/18
กทม4,4,กทม,ข้าวสาร,ประชาธิปัตย์,นายไทยรักเมือง จิง,500,แพ้ขาด,1500,12/4/18,4/12/18
กทม4,4,กทม,ข้าวสาร,เพื่อไทย,นายแฟร้งเก๊นสไตร์,2200,สูสี หนีแพ้,8000,12/5/18,5/12/18
กทม4,4,กทม,ข้าวสาร,อนาคตใหม่,นายโอโนดะ อิอิ,3800,สูสี หนีแพ้,8000,12/5/18,5/12/18
กทม4,4,กทม,ข้าวสาร,ไทยรักไทย,นายรักไทย ขั้วน้อย,4600,สูสี หนีแพ้,8000,12/5/18,5/12/18
กทม4,4,กทม,ข้าวสาร,ประชาธิปัตย์,นายไทยรักเมือง จิง,500,แพ้ขาด,1500,12/5/18,5/12/18
กทม4,4,กทม,ข้าวสาร,เพื่อไทย,นายแฟร้งเก๊นสไตร์,2800,สูสี หนีแพ้,8000,12/6/18,6/12/18
กทม4,4,กทม,ข้าวสาร,อนาคตใหม่,นายโอโนดะ อิอิ,4300,สูสี หนีแพ้,8000,12/6/18,6/12/18
กทม4,4,กทม,ข้าวสาร,ไทยรักไทย,นายรักไทย ขั้วน้อย,4100,สูสี หนีแพ้,8000,12/6/18,6/12/18
กทม4,4,กทม,ข้าวสาร,ประชาธิปัตย์,นายไทยรักเมือง จิง,500,แพ้ขาด,1500,12/6/18,6/12/18
กทม4,4,กทม,ข้าวสาร,เพื่อไทย,นายแฟร้งเก๊นสไตร์,3200,สูสี หนีแพ้,8000,12/7/18,7/12/18
กทม4,4,กทม,ข้าวสาร,อนาคตใหม่,นายโอโนดะ อิอิ,4000,สูสี หนีแพ้,8000,12/7/18,7/12/18
กทม4,4,กทม,ข้าวสาร,ไทยรักไทย,นายรักไทย ขั้วน้อย,3900,สูสี หนีแพ้,8000,12/7/18,7/12/18
กทม4,4,กทม,ข้าวสาร,ประชาธิปัตย์,นายไทยรักเมือง จิง,500,แพ้ขาด,1500,12/7/18,7/12/18
กทม5,5,กทม,เพลินจิต,เพื่อไทย,นางจสองจิต สองใจ,30000,ชนะขาด,20000,12/1/18,1/12/18
กทม5,5,กทม,เพลินจิต,อนาคตใหม่,นายเจอจังจัง เดี๋ยวก็รู้,7500,แพ้ขาด,8000,12/1/18,1/12/18
กทม5,5,กทม,เพลินจิต,ภูมิใจไทย,นางสีดา  สง่า,8500,แพ้ขาด,8500,12/1/18,1/12/18
กทม5,5,กทม,เพลินจิต,ประชาธิปัตย์,นายมง  คลดี,5000,แพ้ขาด,6500,12/1/18,1/12/18
กทม5,5,กทม,เพลินจิต,เพื่อไทย,นางจสองจิต สองใจ,25000,ชนะขาด,20000,12/2/18,2/12/18
กทม5,5,กทม,เพลินจิต,อนาคตใหม่,นายเจอจังจัง เดี๋ยวก็รู้,10000,แพ้ขาด,8000,12/2/18,2/12/18
กทม5,5,กทม,เพลินจิต,ภูมิใจไทย,นางสีดา  สง่า,11000,แพ้ขาด,8500,12/2/18,2/12/18
กทม5,5,กทม,เพลินจิต,ประชาธิปัตย์,นายมง  คลดี,5000,แพ้ขาด,6500,12/2/18,2/12/18
กทม5,5,กทม,เพลินจิต,เพื่อไทย,นางจสองจิต สองใจ,32000,ชนะขาด,20000,12/3/18,3/12/18
กทม5,5,กทม,เพลินจิต,อนาคตใหม่,นายเจอจังจัง เดี๋ยวก็รู้,6500,แพ้ขาด,8000,12/3/18,3/12/18
กทม5,5,กทม,เพลินจิต,ภูมิใจไทย,นางสีดา  สง่า,7500,แพ้ขาด,8500,12/3/18,3/12/18
กทม5,5,กทม,เพลินจิต,ประชาธิปัตย์,นายมง  คลดี,5000,แพ้ขาด,6500,12/3/18,3/12/18
กทม5,5,กทม,เพลินจิต,เพื่อไทย,นางจสองจิต สองใจ,30500,ชนะขาด,20000,12/4/18,4/12/18
กทม5,5,กทม,เพลินจิต,อนาคตใหม่,นายเจอจังจัง เดี๋ยวก็รู้,7250,แพ้ขาด,8000,12/4/18,4/12/18
กทม5,5,กทม,เพลินจิต,ภูมิใจไทย,นางสีดา  สง่า,8250,แพ้ขาด,8500,12/4/18,4/12/18
กทม5,5,กทม,เพลินจิต,ประชาธิปัตย์,นายมง  คลดี,5000,แพ้ขาด,6500,12/4/18,4/12/18
กทม5,5,กทม,เพลินจิต,เพื่อไทย,นางจสองจิต สองใจ,28000,ชนะขาด,20000,12/5/18,5/12/18
กทม5,5,กทม,เพลินจิต,อนาคตใหม่,นายเจอจังจัง เดี๋ยวก็รู้,8500,แพ้ขาด,8000,12/5/18,5/12/18
กทม5,5,กทม,เพลินจิต,ภูมิใจไทย,นางสีดา  สง่า,9500,แพ้ขาด,8500,12/5/18,5/12/18
กทม5,5,กทม,เพลินจิต,ประชาธิปัตย์,นายมง  คลดี,5000,แพ้ขาด,6500,12/5/18,5/12/18
กทม5,5,กทม,เพลินจิต,เพื่อไทย,นางจสองจิต สองใจ,30800,ชนะขาด,20000,12/6/18,6/12/18
กทม5,5,กทม,เพลินจิต,อนาคตใหม่,นายเจอจังจัง เดี๋ยวก็รู้,7400,แพ้ขาด,8000,12/6/18,6/12/18
กทม5,5,กทม,เพลินจิต,ภูมิใจไทย,นางสีดา  สง่า,8400,แพ้ขาด,8500,12/6/18,6/12/18
กทม5,5,กทม,เพลินจิต,ประชาธิปัตย์,นายมง  คลดี,5000,แพ้ขาด,6500,12/6/18,6/12/18
กทม5,5,กทม,เพลินจิต,เพื่อไทย,นางจสองจิต สองใจ,38000,ชนะขาด,20000,12/7/18,7/12/18
กทม5,5,กทม,เพลินจิต,อนาคตใหม่,นายเจอจังจัง เดี๋ยวก็รู้,11500,แพ้ขาด,8000,12/7/18,7/12/18
กทม5,5,กทม,เพลินจิต,ภูมิใจไทย,นางสีดา  สง่า,12500,แพ้ขาด,8500,12/7/18,7/12/18
กทม5,5,กทม,เพลินจิต,ประชาธิปัตย์,นายมง  คลดี,5000,แพ้ขาด,6500,12/7/18,7/12/18
กทม6,6,กทม,ดอนเมือง,เพื่อไทย,นางนวลจันทร์  ผ่องใส,7000,สูสี หนีแพ้,6500,12/1/18,1/12/18
กทม6,6,กทม,ดอนเมือง,อนาคตใหม่,นายไปไหน เรื่องของผม ,24000,แพ้ขาด,30000,12/1/18,1/12/18
กทม6,6,กทม,ดอนเมือง,ภูมิใจไทย,นายดี  ได้จังหวะ ,49000,ชนะขาด,35000,12/1/18,1/12/18
กทม6,6,กทม,ดอนเมือง,ประชาธิปัตย์,นางได้  จังหวะดี,5400,แพ้ขาด,5000,12/1/18,1/12/18
กทม6,6,กทม,ดอนเมือง,เพื่อไทย,นางนวลจันทร์  ผ่องใส,6000,สูสี หนีแพ้,6500,12/2/18,2/12/18
กทม6,6,กทม,ดอนเมือง,อนาคตใหม่,นายไปไหน เรื่องของผม ,24500,แพ้ขาด,30000,12/2/18,2/12/18
กทม6,6,กทม,ดอนเมือง,ภูมิใจไทย,นายดี  ได้จังหวะ ,49500,ชนะขาด,35000,12/2/18,2/12/18
กทม6,6,กทม,ดอนเมือง,ประชาธิปัตย์,นางได้  จังหวะดี,5400,แพ้ขาด,5000,12/2/18,2/12/18
กทม6,6,กทม,ดอนเมือง,เพื่อไทย,นางนวลจันทร์  ผ่องใส,3000,สูสี หนีแพ้,6500,12/3/18,3/12/18
กทม6,6,กทม,ดอนเมือง,อนาคตใหม่,นายไปไหน เรื่องของผม ,26000,แพ้ขาด,30000,12/3/18,3/12/18
กทม6,6,กทม,ดอนเมือง,ภูมิใจไทย,นายดี  ได้จังหวะ ,51000,ชนะขาด,35000,12/3/18,3/12/18
กทม6,6,กทม,ดอนเมือง,ประชาธิปัตย์,นางได้  จังหวะดี,5400,แพ้ขาด,5000,12/3/18,3/12/18
กทม6,6,กทม,ดอนเมือง,เพื่อไทย,นางนวลจันทร์  ผ่องใส,5500,สูสี หนีแพ้,6500,12/4/18,4/12/18
กทม6,6,กทม,ดอนเมือง,อนาคตใหม่,นายไปไหน เรื่องของผม ,24750,แพ้ขาด,30000,12/4/18,4/12/18
กทม6,6,กทม,ดอนเมือง,ภูมิใจไทย,นายดี  ได้จังหวะ ,49750,ชนะขาด,35000,12/4/18,4/12/18
กทม6,6,กทม,ดอนเมือง,ประชาธิปัตย์,นางได้  จังหวะดี,5400,แพ้ขาด,5000,12/4/18,4/12/18
กทม6,6,กทม,ดอนเมือง,เพื่อไทย,นางนวลจันทร์  ผ่องใส,10000,สูสี หนีแพ้,6500,12/5/18,5/12/18
กทม6,6,กทม,ดอนเมือง,อนาคตใหม่,นายไปไหน เรื่องของผม ,20000,แพ้ขาด,30000,12/5/18,5/12/18
กทม6,6,กทม,ดอนเมือง,ภูมิใจไทย,นายดี  ได้จังหวะ ,45000,ชนะขาด,35000,12/5/18,5/12/18
กทม6,6,กทม,ดอนเมือง,ประชาธิปัตย์,นางได้  จังหวะดี,5400,แพ้ขาด,5000,12/5/18,5/12/18
กทม6,6,กทม,ดอนเมือง,เพื่อไทย,นางนวลจันทร์  ผ่องใส,2000,สูสี หนีแพ้,6500,12/6/18,6/12/18
กทม6,6,กทม,ดอนเมือง,อนาคตใหม่,นายไปไหน เรื่องของผม ,26500,แพ้ขาด,30000,12/6/18,6/12/18
กทม6,6,กทม,ดอนเมือง,ภูมิใจไทย,นายดี  ได้จังหวะ ,51500,ชนะขาด,35000,12/6/18,6/12/18
กทม6,6,กทม,ดอนเมือง,ประชาธิปัตย์,นางได้  จังหวะดี,5400,แพ้ขาด,5000,12/6/18,6/12/18
กทม6,6,กทม,ดอนเมือง,เพื่อไทย,นางนวลจันทร์  ผ่องใส,5000,สูสี หนีแพ้,6500,12/7/18,7/12/18
กทม6,6,กทม,ดอนเมือง,อนาคตใหม่,นายไปไหน เรื่องของผม ,25000,แพ้ขาด,30000,12/7/18,7/12/18
กทม6,6,กทม,ดอนเมือง,ภูมิใจไทย,นายดี  ได้จังหวะ ,50000,ชนะขาด,35000,12/7/18,7/12/18
กทม6,6,กทม,ดอนเมือง,ประชาธิปัตย์,นางได้  จังหวะดี,5400,แพ้ขาด,5000,12/7/18,7/12/18
กทม7,7,กทม,รัชดา,เพื่อไทย,นายสู้  ตายคร๊าบ,5000,สูสี หนีแพ้,7000,12/1/18,1/12/18
กทม7,7,กทม,รัชดา,อนาคตใหม่,นางถอย  ไม่เป็น,5140,สูสี หนีแพ้,6500,12/1/18,1/12/18
กทม7,7,กทม,รัชดา,ภูมิใจไทย,นายมนตรี เร้าใจ,5100,สูสี หนีแพ้,6500,12/1/18,1/12/18
กทม7,7,กทม,รัชดา,ประชาธิปัตย์,นายยิงไกล ส่องแล้ว,4500,สูสี หนีแพ้,5000,12/1/18,1/12/18
กทม7,7,กทม,รัชดา,เพื่อไทย,นายสู้  ตายคร๊าบ,7000,สูสี หนีแพ้,7000,12/2/18,2/12/18
กทม7,7,กทม,รัชดา,อนาคตใหม่,นางถอย  ไม่เป็น,4140,สูสี หนีแพ้,6500,12/2/18,2/12/18
กทม7,7,กทม,รัชดา,ภูมิใจไทย,นายมนตรี เร้าใจ,4100,สูสี หนีแพ้,6500,12/2/18,2/12/18
กทม7,7,กทม,รัชดา,ประชาธิปัตย์,นายยิงไกล ส่องแล้ว,4500,สูสี หนีแพ้,5000,12/2/18,2/12/18
กทม7,7,กทม,รัชดา,เพื่อไทย,นายสู้  ตายคร๊าบ,5200,สูสี หนีแพ้,7000,12/3/18,3/12/18
กทม7,7,กทม,รัชดา,อนาคตใหม่,นางถอย  ไม่เป็น,5040,สูสี หนีแพ้,6500,12/3/18,3/12/18
กทม7,7,กทม,รัชดา,ภูมิใจไทย,นายมนตรี เร้าใจ,5000,สูสี หนีแพ้,6500,12/3/18,3/12/18
กทม7,7,กทม,รัชดา,ประชาธิปัตย์,นายยิงไกล ส่องแล้ว,4500,สูสี หนีแพ้,5000,12/3/18,3/12/18
กทม7,7,กทม,รัชดา,เพื่อไทย,นายสู้  ตายคร๊าบ,4500,สูสี หนีแพ้,7000,12/4/18,4/12/18
กทม7,7,กทม,รัชดา,อนาคตใหม่,นางถอย  ไม่เป็น,5390,สูสี หนีแพ้,6500,12/4/18,4/12/18
กทม7,7,กทม,รัชดา,ภูมิใจไทย,นายมนตรี เร้าใจ,5350,สูสี หนีแพ้,6500,12/4/18,4/12/18
กทม7,7,กทม,รัชดา,ประชาธิปัตย์,นายยิงไกล ส่องแล้ว,4500,สูสี หนีแพ้,5000,12/4/18,4/12/18
กทม7,7,กทม,รัชดา,เพื่อไทย,นายสู้  ตายคร๊าบ,1000,สูสี หนีแพ้,7000,12/5/18,5/12/18
กทม7,7,กทม,รัชดา,อนาคตใหม่,นางถอย  ไม่เป็น,7140,สูสี หนีแพ้,6500,12/5/18,5/12/18
กทม7,7,กทม,รัชดา,ภูมิใจไทย,นายมนตรี เร้าใจ,7100,สูสี หนีแพ้,6500,12/5/18,5/12/18
กทม7,7,กทม,รัชดา,ประชาธิปัตย์,นายยิงไกล ส่องแล้ว,4500,สูสี หนีแพ้,5000,12/5/18,5/12/18
กทม7,7,กทม,รัชดา,เพื่อไทย,นายสู้  ตายคร๊าบ,5800,สูสี หนีแพ้,7000,12/6/18,6/12/18
กทม7,7,กทม,รัชดา,อนาคตใหม่,นางถอย  ไม่เป็น,4340,สูสี หนีแพ้,6500,12/6/18,6/12/18
กทม7,7,กทม,รัชดา,ภูมิใจไทย,นายมนตรี เร้าใจ,5100,สูสี หนีแพ้,6500,12/6/18,6/12/18
กทม7,7,กทม,รัชดา,ประชาธิปัตย์,นายยิงไกล ส่องแล้ว,4500,สูสี หนีแพ้,5000,12/6/18,6/12/18
กทม7,7,กทม,รัชดา,เพื่อไทย,นายสู้  ตายคร๊าบ,9000,สูสี หนีแพ้,7000,12/7/18,7/12/18
กทม7,7,กทม,รัชดา,อนาคตใหม่,นางถอย  ไม่เป็น,3140,สูสี หนีแพ้,6500,12/7/18,7/12/18
กทม7,7,กทม,รัชดา,ภูมิใจไทย,นายมนตรี เร้าใจ,3100,สูสี หนีแพ้,6500,12/7/18,7/12/18
กทม7,7,กทม,รัชดา,ประชาธิปัตย์,นายยิงไกล ส่องแล้ว,4500,สูสี หนีแพ้,5000,12/7/18,7/12/18
อุบล1,1,อุบล,เดชอุดม,เพื่อไทย,นางยิงกระต่าย ได้ปลา,65000,ชนะขาด,30000,12/1/18,1/12/18
อุบล1,1,อุบล,เดชอุดม,อนาคตใหม่,นายขอร้อง  ได้ไหม,2000,แพ้ขาด,6000,12/1/18,1/12/18
อุบล1,1,อุบล,เดชอุดม,ภูมิใจไทย,นางขอเวลา   อีกไม่นาน,12500,แพ้ขาด,17000,12/1/18,1/12/18
อุบล1,1,อุบล,เดชอุดม,ประชาธิปัตย์,นายอีก  แปปน่ะ,5000,แพ้ขาด,6000,12/1/18,1/12/18
อุบล1,1,อุบล,เดชอุดม,เพื่อไทย,นางยิงกระต่าย ได้ปลา,60000,ชนะขาด,30000,12/2/18,2/12/18
อุบล1,1,อุบล,เดชอุดม,อนาคตใหม่,นายขอร้อง  ได้ไหม,4500,แพ้ขาด,6000,12/2/18,2/12/18
อุบล1,1,อุบล,เดชอุดม,ภูมิใจไทย,นางขอเวลา   อีกไม่นาน,15000,แพ้ขาด,17000,12/2/18,2/12/18
อุบล1,1,อุบล,เดชอุดม,ประชาธิปัตย์,นายอีก  แปปน่ะ,5000,แพ้ขาด,6000,12/2/18,2/12/18
อุบล1,1,อุบล,เดชอุดม,เพื่อไทย,นางยิงกระต่าย ได้ปลา,64000,ชนะขาด,30000,12/3/18,3/12/18
อุบล1,1,อุบล,เดชอุดม,อนาคตใหม่,นายขอร้อง  ได้ไหม,2500,แพ้ขาด,6000,12/3/18,3/12/18
อุบล1,1,อุบล,เดชอุดม,ภูมิใจไทย,นางขอเวลา   อีกไม่นาน,13000,แพ้ขาด,17000,12/3/18,3/12/18
อุบล1,1,อุบล,เดชอุดม,ประชาธิปัตย์,นายอีก  แปปน่ะ,5000,แพ้ขาด,6000,12/3/18,3/12/18
อุบล1,1,อุบล,เดชอุดม,เพื่อไทย,นางยิงกระต่าย ได้ปลา,62000,ชนะขาด,30000,12/4/18,4/12/18
อุบล1,1,อุบล,เดชอุดม,อนาคตใหม่,นายขอร้อง  ได้ไหม,3500,แพ้ขาด,6000,12/4/18,4/12/18
อุบล1,1,อุบล,เดชอุดม,ภูมิใจไทย,นางขอเวลา   อีกไม่นาน,14000,แพ้ขาด,17000,12/4/18,4/12/18
อุบล1,1,อุบล,เดชอุดม,ประชาธิปัตย์,นายอีก  แปปน่ะ,5000,แพ้ขาด,6000,12/4/18,4/12/18
อุบล1,1,อุบล,เดชอุดม,เพื่อไทย,นางยิงกระต่าย ได้ปลา,65000,ชนะขาด,30000,12/5/18,5/12/18
อุบล1,1,อุบล,เดชอุดม,อนาคตใหม่,นายขอร้อง  ได้ไหม,2000,แพ้ขาด,6000,12/5/18,5/12/18
อุบล1,1,อุบล,เดชอุดม,ภูมิใจไทย,นางขอเวลา   อีกไม่นาน,12500,แพ้ขาด,17000,12/5/18,5/12/18
อุบล1,1,อุบล,เดชอุดม,ประชาธิปัตย์,นายอีก  แปปน่ะ,5000,แพ้ขาด,6000,12/5/18,5/12/18
อุบล1,1,อุบล,เดชอุดม,เพื่อไทย,นางยิงกระต่าย ได้ปลา,66000,ชนะขาด,30000,12/6/18,6/12/18
อุบล1,1,อุบล,เดชอุดม,อนาคตใหม่,นายขอร้อง  ได้ไหม,1500,แพ้ขาด,6000,12/6/18,6/12/18
อุบล1,1,อุบล,เดชอุดม,ภูมิใจไทย,นางขอเวลา   อีกไม่นาน,12000,แพ้ขาด,17000,12/6/18,6/12/18
อุบล1,1,อุบล,เดชอุดม,ประชาธิปัตย์,นายอีก  แปปน่ะ,5000,แพ้ขาด,6000,12/6/18,6/12/18
อุบล1,1,อุบล,เดชอุดม,เพื่อไทย,นางยิงกระต่าย ได้ปลา,64800,ชนะขาด,30000,12/7/18,7/12/18
อุบล1,1,อุบล,เดชอุดม,อนาคตใหม่,นายขอร้อง  ได้ไหม,2100,แพ้ขาด,6000,12/7/18,7/12/18
อุบล1,1,อุบล,เดชอุดม,ภูมิใจไทย,นางขอเวลา   อีกไม่นาน,12600,แพ้ขาด,17000,12/7/18,7/12/18
อุบล1,1,อุบล,เดชอุดม,ประชาธิปัตย์,นายอีก  แปปน่ะ,5000,แพ้ขาด,6000,12/7/18,7/12/18
อุบล2,2,อุบล,น้ำยืน,เพื่อไทย,นางแปปเดียว ก้เสดแล้ว,45000,สูสี หนีแพ้,48000,12/1/18,1/12/18
อุบล2,2,อุบล,น้ำยืน,อนาคตใหม่,นายไม่ได้ ง่ายๆนะ,46000,สูสี หนีแพ้,49000,12/1/18,1/12/18
อุบล2,2,อุบล,น้ำยืน,ภูมิใจไทย,นายจริงใจ ไม่จิงโจ้,4000,แพ้ขาด,5000,12/1/18,1/12/18
อุบล2,2,อุบล,น้ำยืน,ประชาธิปัตย์,นายกด ตดแตก,4500,แพ้ขาด,5500,12/1/18,1/12/18
อุบล2,2,อุบล,น้ำยืน,เพื่อไทย,นางแปปเดียว ก้เสดแล้ว,46000,สูสี หนีแพ้,48000,12/2/18,2/12/18
อุบล2,2,อุบล,น้ำยืน,อนาคตใหม่,นายไม่ได้ ง่ายๆนะ,45500,สูสี หนีแพ้,49000,12/2/18,2/12/18
อุบล2,2,อุบล,น้ำยืน,ภูมิใจไทย,นายจริงใจ ไม่จิงโจ้,3500,แพ้ขาด,5000,12/2/18,2/12/18
อุบล2,2,อุบล,น้ำยืน,ประชาธิปัตย์,นายกด ตดแตก,4500,แพ้ขาด,5500,12/2/18,2/12/18
อุบล2,2,อุบล,น้ำยืน,เพื่อไทย,นางแปปเดียว ก้เสดแล้ว,42000,สูสี หนีแพ้,48000,12/3/18,3/12/18
อุบล2,2,อุบล,น้ำยืน,อนาคตใหม่,นายไม่ได้ ง่ายๆนะ,44500,สูสี หนีแพ้,49000,12/3/18,3/12/18
อุบล2,2,อุบล,น้ำยืน,ภูมิใจไทย,นายจริงใจ ไม่จิงโจ้,2500,แพ้ขาด,5000,12/3/18,3/12/18
อุบล2,2,อุบล,น้ำยืน,ประชาธิปัตย์,นายกด ตดแตก,4500,แพ้ขาด,5500,12/3/18,3/12/18
อุบล2,2,อุบล,น้ำยืน,เพื่อไทย,นางแปปเดียว ก้เสดแล้ว,40000,สูสี หนีแพ้,48000,12/4/18,4/12/18
อุบล2,2,อุบล,น้ำยืน,อนาคตใหม่,นายไม่ได้ ง่ายๆนะ,48500,สูสี หนีแพ้,49000,12/4/18,4/12/18
อุบล2,2,อุบล,น้ำยืน,ภูมิใจไทย,นายจริงใจ ไม่จิงโจ้,6500,แพ้ขาด,5000,12/4/18,4/12/18
อุบล2,2,อุบล,น้ำยืน,ประชาธิปัตย์,นายกด ตดแตก,4500,แพ้ขาด,5500,12/4/18,4/12/18
อุบล2,2,อุบล,น้ำยืน,เพื่อไทย,นางแปปเดียว ก้เสดแล้ว,50000,สูสี หนีแพ้,48000,12/5/18,5/12/18
อุบล2,2,อุบล,น้ำยืน,อนาคตใหม่,นายไม่ได้ ง่ายๆนะ,43500,สูสี หนีแพ้,49000,12/5/18,5/12/18
อุบล2,2,อุบล,น้ำยืน,ภูมิใจไทย,นายจริงใจ ไม่จิงโจ้,1500,แพ้ขาด,5000,12/5/18,5/12/18
อุบล2,2,อุบล,น้ำยืน,ประชาธิปัตย์,นายกด ตดแตก,4500,แพ้ขาด,5500,12/5/18,5/12/18
อุบล2,2,อุบล,น้ำยืน,เพื่อไทย,นางแปปเดียว ก้เสดแล้ว,45800,สูสี หนีแพ้,48000,12/6/18,6/12/18
อุบล2,2,อุบล,น้ำยืน,อนาคตใหม่,นายไม่ได้ ง่ายๆนะ,45600,สูสี หนีแพ้,49000,12/6/18,6/12/18
อุบล2,2,อุบล,น้ำยืน,ภูมิใจไทย,นายจริงใจ ไม่จิงโจ้,3600,แพ้ขาด,5000,12/6/18,6/12/18
อุบล2,2,อุบล,น้ำยืน,ประชาธิปัตย์,นายกด ตดแตก,4500,แพ้ขาด,5500,12/6/18,6/12/18
อุบล2,2,อุบล,น้ำยืน,เพื่อไทย,นางแปปเดียว ก้เสดแล้ว,35000,สูสี หนีแพ้,48000,12/7/18,7/12/18
อุบล2,2,อุบล,น้ำยืน,อนาคตใหม่,นายไม่ได้ ง่ายๆนะ,51000,สูสี หนีแพ้,49000,12/7/18,7/12/18
อุบล2,2,อุบล,น้ำยืน,ภูมิใจไทย,นายจริงใจ ไม่จิงโจ้,4000,แพ้ขาด,5000,12/7/18,7/12/18
อุบล2,2,อุบล,น้ำยืน,ประชาธิปัตย์,นายกด ตดแตก,4500,แพ้ขาด,5500,12/7/18,7/12/18
อุบล3,3,อุบล,วารินชำราบ,เพื่อไทย,นายกรกรด ชาคู,7600,สูสี หนีแพ้,9000,12/1/18,1/12/18
อุบล3,3,อุบล,วารินชำราบ,อนาคตใหม่,นางชัชชล เทียนหอม,8500,สูสี หนีแพ้,9500,12/1/18,1/12/18
อุบล3,3,อุบล,วารินชำราบ,ภูมิใจไทย,นายเขื่อนใหญ่  แตกแล้วนะ,4000,แพ้ขาด,4500,12/1/18,1/12/18
อุบล3,3,อุบล,วารินชำราบ,ประชาธิปัตย์,นายมองไกล  เพราะใส่แว่น,5000,แพ้ขาด,5250,12/1/18,1/12/18
อุบล3,3,อุบล,วารินชำราบ,เพื่อไทย,นายกรกรด ชาคู,7700,สูสี หนีแพ้,8000,12/2/18,2/12/18
อุบล3,3,อุบล,วารินชำราบ,อนาคตใหม่,นางชัชชล เทียนหอม,8000,สูสี หนีแพ้,10000,12/2/18,2/12/18
อุบล3,3,อุบล,วารินชำราบ,ภูมิใจไทย,นายเขื่อนใหญ่  แตกแล้วนะ,4200,แพ้ขาด,5000,12/2/18,2/12/18
อุบล3,3,อุบล,วารินชำราบ,ประชาธิปัตย์,นายมองไกล  เพราะใส่แว่น,5200,แพ้ขาด,5250,12/2/18,2/12/18
อุบล3,3,อุบล,วารินชำราบ,เพื่อไทย,นายกรกรด ชาคู,7500,สูสี หนีแพ้,8000,12/3/18,3/12/18
อุบล3,3,อุบล,วารินชำราบ,อนาคตใหม่,นางชัชชล เทียนหอม,8100,สูสี หนีแพ้,10000,12/3/18,3/12/18
อุบล3,3,อุบล,วารินชำราบ,ภูมิใจไทย,นายเขื่อนใหญ่  แตกแล้วนะ,4500,แพ้ขาด,5000,12/3/18,3/12/18
อุบล3,3,อุบล,วารินชำราบ,ประชาธิปัตย์,นายมองไกล  เพราะใส่แว่น,4500,แพ้ขาด,5250,12/3/18,3/12/18
อุบล3,3,อุบล,วารินชำราบ,เพื่อไทย,นายกรกรด ชาคู,7600,สูสี หนีแพ้,8000,12/4/18,4/12/18
อุบล3,3,อุบล,วารินชำราบ,อนาคตใหม่,นางชัชชล เทียนหอม,8500,สูสี หนีแพ้,10000,12/4/18,4/12/18
อุบล3,3,อุบล,วารินชำราบ,ภูมิใจไทย,นายเขื่อนใหญ่  แตกแล้วนะ,4000,แพ้ขาด,5000,12/4/18,4/12/18
อุบล3,3,อุบล,วารินชำราบ,ประชาธิปัตย์,นายมองไกล  เพราะใส่แว่น,5000,แพ้ขาด,5250,12/4/18,4/12/18
อุบล3,3,อุบล,วารินชำราบ,เพื่อไทย,นายกรกรด ชาคู,7700,สูสี หนีแพ้,8000,12/5/18,5/12/18
อุบล3,3,อุบล,วารินชำราบ,อนาคตใหม่,นางชัชชล เทียนหอม,8000,สูสี หนีแพ้,10000,12/5/18,5/12/18
อุบล3,3,อุบล,วารินชำราบ,ภูมิใจไทย,นายเขื่อนใหญ่  แตกแล้วนะ,4200,แพ้ขาด,5000,12/5/18,5/12/18
อุบล3,3,อุบล,วารินชำราบ,ประชาธิปัตย์,นายมองไกล  เพราะใส่แว่น,5200,แพ้ขาด,5250,12/5/18,5/12/18
อุบล3,3,อุบล,วารินชำราบ,เพื่อไทย,นายกรกรด ชาคู,7500,สูสี หนีแพ้,8000,12/6/18,6/12/18
อุบล3,3,อุบล,วารินชำราบ,อนาคตใหม่,นางชัชชล เทียนหอม,8100,สูสี หนีแพ้,10000,12/6/18,6/12/18
อุบล3,3,อุบล,วารินชำราบ,ภูมิใจไทย,นายเขื่อนใหญ่  แตกแล้วนะ,4500,แพ้ขาด,5000,12/6/18,6/12/18
อุบล3,3,อุบล,วารินชำราบ,ประชาธิปัตย์,นายมองไกล  เพราะใส่แว่น,4500,แพ้ขาด,5250,12/6/18,6/12/18
อุบล3,3,อุบล,วารินชำราบ,เพื่อไทย,นายกรกรด ชาคู,8000,สูสี หนีแพ้,8000,12/7/18,7/12/18
อุบล3,3,อุบล,วารินชำราบ,อนาคตใหม่,นางชัชชล เทียนหอม,7900,สูสี หนีแพ้,10000,12/7/18,7/12/18
อุบล3,3,อุบล,วารินชำราบ,ภูมิใจไทย,นายเขื่อนใหญ่  แตกแล้วนะ,4350,แพ้ขาด,5000,12/7/18,7/12/18
อุบล3,3,อุบล,วารินชำราบ,ประชาธิปัตย์,นายมองไกล  เพราะใส่แว่น,4450,แพ้ขาด,5250,12/7/18,7/12/18
อุบล4,4,อุบล,โขงเจียม,เพื่อไทย,นางอิรไท อยู่เย็น,5500,สูสี หนีแพ้,7000,12/1/18,1/12/18
อุบล4,4,อุบล,โขงเจียม,อนาคตใหม่,นายดีเกิน ไปไหม,5600,สูสี หนีแพ้,7000,12/1/18,1/12/18
อุบล4,4,อุบล,โขงเจียม,ภูมิใจไทย,นางสมร วงอุ่น,4000,สูสี หนีแพ้,5500,12/1/18,1/12/18
อุบล4,4,อุบล,โขงเจียม,ประชาธิปัตย์,ยายสมศรี รู้ทุกอย่าง,2300,แพ้ขาด,2400,12/1/18,1/12/18
อุบล4,4,อุบล,โขงเจียม,เพื่อไทย,นางอิรไท อยู่เย็น,5200,สูสี หนีแพ้,7000,12/2/18,2/12/18
อุบล4,4,อุบล,โขงเจียม,อนาคตใหม่,นายดีเกิน ไปไหม,5700,สูสี หนีแพ้,7000,12/2/18,2/12/18
อุบล4,4,อุบล,โขงเจียม,ภูมิใจไทย,นางสมร วงอุ่น,4100,สูสี หนีแพ้,5500,12/2/18,2/12/18
อุบล4,4,อุบล,โขงเจียม,ประชาธิปัตย์,ยายสมศรี รู้ทุกอย่าง,2400,แพ้ขาด,2400,12/2/18,2/12/18
อุบล4,4,อุบล,โขงเจียม,เพื่อไทย,นางอิรไท อยู่เย็น,5700,สูสี หนีแพ้,7000,12/3/18,3/12/18
อุบล4,4,อุบล,โขงเจียม,อนาคตใหม่,นายดีเกิน ไปไหม,5600,สูสี หนีแพ้,7000,12/3/18,3/12/18
อุบล4,4,อุบล,โขงเจียม,ภูมิใจไทย,นางสมร วงอุ่น,3900,สูสี หนีแพ้,5500,12/3/18,3/12/18
อุบล4,4,อุบล,โขงเจียม,ประชาธิปัตย์,ยายสมศรี รู้ทุกอย่าง,2400,แพ้ขาด,2400,12/3/18,3/12/18
อุบล4,4,อุบล,โขงเจียม,เพื่อไทย,นางอิรไท อยู่เย็น,6000,สูสี หนีแพ้,7000,12/4/18,4/12/18
อุบล4,4,อุบล,โขงเจียม,อนาคตใหม่,นายดีเกิน ไปไหม,5900,สูสี หนีแพ้,7000,12/4/18,4/12/18
อุบล4,4,อุบล,โขงเจียม,ภูมิใจไทย,นางสมร วงอุ่น,3500,สูสี หนีแพ้,5500,12/4/18,4/12/18
อุบล4,4,อุบล,โขงเจียม,ประชาธิปัตย์,ยายสมศรี รู้ทุกอย่าง,2200,แพ้ขาด,2400,12/4/18,4/12/18
อุบล4,4,อุบล,โขงเจียม,เพื่อไทย,นางอิรไท อยู่เย็น,6100,สูสี หนีแพ้,7000,12/5/18,5/12/18
อุบล4,4,อุบล,โขงเจียม,อนาคตใหม่,นายดีเกิน ไปไหม,5800,สูสี หนีแพ้,7000,12/5/18,5/12/18
อุบล4,4,อุบล,โขงเจียม,ภูมิใจไทย,นางสมร วงอุ่น,3700,สูสี หนีแพ้,5500,12/5/18,5/12/18
อุบล4,4,อุบล,โขงเจียม,ประชาธิปัตย์,ยายสมศรี รู้ทุกอย่าง,2400,แพ้ขาด,2400,12/5/18,5/12/18
อุบล4,4,อุบล,โขงเจียม,เพื่อไทย,นางอิรไท อยู่เย็น,5700,สูสี หนีแพ้,7000,12/6/18,6/12/18
อุบล4,4,อุบล,โขงเจียม,อนาคตใหม่,นายดีเกิน ไปไหม,5600,สูสี หนีแพ้,7000,12/6/18,6/12/18
อุบล4,4,อุบล,โขงเจียม,ภูมิใจไทย,นางสมร วงอุ่น,3900,สูสี หนีแพ้,5500,12/6/18,6/12/18
อุบล4,4,อุบล,โขงเจียม,ประชาธิปัตย์,ยายสมศรี รู้ทุกอย่าง,2400,แพ้ขาด,2400,12/6/18,6/12/18
อุบล4,4,อุบล,โขงเจียม,เพื่อไทย,นางอิรไท อยู่เย็น,6000,สูสี หนีแพ้,7000,12/7/18,7/12/18
อุบล4,4,อุบล,โขงเจียม,อนาคตใหม่,นายดีเกิน ไปไหม,5900,สูสี หนีแพ้,7000,12/7/18,7/12/18
อุบล4,4,อุบล,โขงเจียม,ภูมิใจไทย,นางสมร วงอุ่น,3500,สูสี หนีแพ้,5500,12/7/18,7/12/18
อุบล4,4,อุบล,โขงเจียม,ประชาธิปัตย์,ยายสมศรี รู้ทุกอย่าง,2200,แพ้ขาด,2400,12/7/18,7/12/18
อุบล5,5,อุบล,ศรีเมืองใหม่,เพื่อไทย,นายสม ชัย,25000,สูสี หนีแพ้,27500,12/1/18,1/12/18
อุบล5,5,อุบล,ศรีเมืองใหม่,อนาคตใหม่,นางสมุด  ขาด,24000,สูสี หนีแพ้,28000,12/1/18,1/12/18
อุบล5,5,อุบล,ศรีเมืองใหม่,ภูมิใจไทย,นายน้ำดี เชื่อได้,12000,แพ้ขาด,12500,12/1/18,1/12/18
อุบล5,5,อุบล,ศรีเมืองใหม่,ประชาธิปัตย์,นายน้ำ แตกแล้ว ,8000,แพ้ขาด,8100,12/1/18,1/12/18
อุบล5,5,อุบล,ศรีเมืองใหม่,เพื่อไทย,นายสม ชัย,26000,สูสี หนีแพ้,27500,12/2/18,2/12/18
อุบล5,5,อุบล,ศรีเมืองใหม่,อนาคตใหม่,นางสมุด  ขาด,23000,สูสี หนีแพ้,28000,12/2/18,2/12/18
อุบล5,5,อุบล,ศรีเมืองใหม่,ภูมิใจไทย,นายน้ำดี เชื่อได้,14000,แพ้ขาด,12500,12/2/18,2/12/18
อุบล5,5,อุบล,ศรีเมืองใหม่,ประชาธิปัตย์,นายน้ำ แตกแล้ว ,6000,แพ้ขาด,8100,12/2/18,2/12/18
อุบล5,5,อุบล,ศรีเมืองใหม่,เพื่อไทย,นายสม ชัย,26500,สูสี หนีแพ้,27500,12/3/18,3/12/18
อุบล5,5,อุบล,ศรีเมืองใหม่,อนาคตใหม่,นางสมุด  ขาด,24500,สูสี หนีแพ้,28000,12/3/18,3/12/18
อุบล5,5,อุบล,ศรีเมืองใหม่,ภูมิใจไทย,นายน้ำดี เชื่อได้,10500,แพ้ขาด,12500,12/3/18,3/12/18
อุบล5,5,อุบล,ศรีเมืองใหม่,ประชาธิปัตย์,นายน้ำ แตกแล้ว ,7500,แพ้ขาด,8100,12/3/18,3/12/18
อุบล5,5,อุบล,ศรีเมืองใหม่,เพื่อไทย,นายสม ชัย,26500,สูสี หนีแพ้,27500,12/4/18,4/12/18
อุบล5,5,อุบล,ศรีเมืองใหม่,อนาคตใหม่,นางสมุด  ขาด,24500,สูสี หนีแพ้,28000,12/4/18,4/12/18
อุบล5,5,อุบล,ศรีเมืองใหม่,ภูมิใจไทย,นายน้ำดี เชื่อได้,10500,แพ้ขาด,12500,12/4/18,4/12/18
อุบล5,5,อุบล,ศรีเมืองใหม่,ประชาธิปัตย์,นายน้ำ แตกแล้ว ,7500,แพ้ขาด,8100,12/4/18,4/12/18
อุบล5,5,อุบล,ศรีเมืองใหม่,เพื่อไทย,นายสม ชัย,25000,สูสี หนีแพ้,27500,12/5/18,5/12/18
อุบล5,5,อุบล,ศรีเมืองใหม่,อนาคตใหม่,นางสมุด  ขาด,24000,สูสี หนีแพ้,28000,12/5/18,5/12/18
อุบล5,5,อุบล,ศรีเมืองใหม่,ภูมิใจไทย,นายน้ำดี เชื่อได้,12000,แพ้ขาด,12500,12/5/18,5/12/18
อุบล5,5,อุบล,ศรีเมืองใหม่,ประชาธิปัตย์,นายน้ำ แตกแล้ว ,8000,แพ้ขาด,8100,12/5/18,5/12/18
อุบล5,5,อุบล,ศรีเมืองใหม่,เพื่อไทย,นายสม ชัย,26000,สูสี หนีแพ้,27500,12/6/18,6/12/18
อุบล5,5,อุบล,ศรีเมืองใหม่,อนาคตใหม่,นางสมุด  ขาด,23000,สูสี หนีแพ้,28000,12/6/18,6/12/18
อุบล5,5,อุบล,ศรีเมืองใหม่,ภูมิใจไทย,นายน้ำดี เชื่อได้,14000,แพ้ขาด,12500,12/6/18,6/12/18
อุบล5,5,อุบล,ศรีเมืองใหม่,ประชาธิปัตย์,นายน้ำ แตกแล้ว ,6000,แพ้ขาด,8100,12/6/18,6/12/18
อุบล5,5,อุบล,ศรีเมืองใหม่,เพื่อไทย,นายสม ชัย,26500,สูสี หนีแพ้,27500,12/7/18,7/12/18
อุบล5,5,อุบล,ศรีเมืองใหม่,อนาคตใหม่,นางสมุด  ขาด,24500,สูสี หนีแพ้,28000,12/7/18,7/12/18
อุบล5,5,อุบล,ศรีเมืองใหม่,ภูมิใจไทย,นายน้ำดี เชื่อได้,10500,แพ้ขาด,12500,12/7/18,7/12/18
อุบล5,5,อุบล,ศรีเมืองใหม่,ประชาธิปัตย์,นายน้ำ แตกแล้ว ,7500,แพ้ขาด,8100,12/7/18,7/12/18
ศรีสะเกษ1,1,ศรีสะเกษ,กันทรารมณ์,เพื่อไทย,นายหัวแตก ดุไว้,1000,แพ้ขาด,1500,12/1/18,1/12/18
ศรีสะเกษ1,1,ศรีสะเกษ,กันทรารมณ์,อนาคตใหม่,นางอิอิ รุ้งสวัสดิื,4900,แพ้ขาด,5500,12/1/18,1/12/18
ศรีสะเกษ1,1,ศรีสะเกษ,กันทรารมณ์,ภูมิใจไทย,นางดอก โลกสวย,4900,แพ้ขาด,6000,12/1/18,1/12/18
ศรีสะเกษ1,1,ศรีสะเกษ,กันทรารมณ์,ประชาธิปัตย์,นายแก้ว ไม่ใส,40100,ชนะขาด,17500,12/1/18,1/12/18
ศรีสะเกษ1,1,ศรีสะเกษ,กันทรารมณ์,เพื่อไทย,นายหัวแตก ดุไว้,1500,แพ้ขาด,1500,12/2/18,2/12/18
ศรีสะเกษ1,1,ศรีสะเกษ,กันทรารมณ์,อนาคตใหม่,นางอิอิ รุ้งสวัสดิื,5000,แพ้ขาด,5500,12/2/18,2/12/18
ศรีสะเกษ1,1,ศรีสะเกษ,กันทรารมณ์,ภูมิใจไทย,นางดอก โลกสวย,5000,แพ้ขาด,6000,12/2/18,2/12/18
ศรีสะเกษ1,1,ศรีสะเกษ,กันทรารมณ์,ประชาธิปัตย์,นายแก้ว ไม่ใส,38000,ชนะขาด,17500,12/2/18,2/12/18
ศรีสะเกษ1,1,ศรีสะเกษ,กันทรารมณ์,เพื่อไทย,นายหัวแตก ดุไว้,1500,แพ้ขาด,1500,12/3/18,3/12/18
ศรีสะเกษ1,1,ศรีสะเกษ,กันทรารมณ์,อนาคตใหม่,นางอิอิ รุ้งสวัสดิื,5000,แพ้ขาด,5500,12/3/18,3/12/18
ศรีสะเกษ1,1,ศรีสะเกษ,กันทรารมณ์,ภูมิใจไทย,นางดอก โลกสวย,5000,แพ้ขาด,6000,12/3/18,3/12/18
ศรีสะเกษ1,1,ศรีสะเกษ,กันทรารมณ์,ประชาธิปัตย์,นายแก้ว ไม่ใส,38000,ชนะขาด,17500,12/3/18,3/12/18
ศรีสะเกษ1,1,ศรีสะเกษ,กันทรารมณ์,เพื่อไทย,นายหัวแตก ดุไว้,1000,แพ้ขาด,1500,12/4/18,4/12/18
ศรีสะเกษ1,1,ศรีสะเกษ,กันทรารมณ์,อนาคตใหม่,นางอิอิ รุ้งสวัสดิื,4900,แพ้ขาด,5500,12/4/18,4/12/18
ศรีสะเกษ1,1,ศรีสะเกษ,กันทรารมณ์,ภูมิใจไทย,นางดอก โลกสวย,4900,แพ้ขาด,6000,12/4/18,4/12/18
ศรีสะเกษ1,1,ศรีสะเกษ,กันทรารมณ์,ประชาธิปัตย์,นายแก้ว ไม่ใส,40100,ชนะขาด,17500,12/4/18,4/12/18
ศรีสะเกษ1,1,ศรีสะเกษ,กันทรารมณ์,เพื่อไทย,นายหัวแตก ดุไว้,800,แพ้ขาด,1500,12/5/18,5/12/18
ศรีสะเกษ1,1,ศรีสะเกษ,กันทรารมณ์,อนาคตใหม่,นางอิอิ รุ้งสวัสดิื,5000,แพ้ขาด,5500,12/5/18,5/12/18
ศรีสะเกษ1,1,ศรีสะเกษ,กันทรารมณ์,ภูมิใจไทย,นางดอก โลกสวย,5000,แพ้ขาด,6000,12/5/18,5/12/18
ศรีสะเกษ1,1,ศรีสะเกษ,กันทรารมณ์,ประชาธิปัตย์,นายแก้ว ไม่ใส,40000,ชนะขาด,17500,12/5/18,5/12/18
ศรีสะเกษ1,1,ศรีสะเกษ,กันทรารมณ์,เพื่อไทย,นายหัวแตก ดุไว้,1000,แพ้ขาด,1500,12/6/18,6/12/18
ศรีสะเกษ1,1,ศรีสะเกษ,กันทรารมณ์,อนาคตใหม่,นางอิอิ รุ้งสวัสดิื,4900,แพ้ขาด,5500,12/6/18,6/12/18
ศรีสะเกษ1,1,ศรีสะเกษ,กันทรารมณ์,ภูมิใจไทย,นางดอก โลกสวย,4900,แพ้ขาด,6000,12/6/18,6/12/18
ศรีสะเกษ1,1,ศรีสะเกษ,กันทรารมณ์,ประชาธิปัตย์,นายแก้ว ไม่ใส,40100,ชนะขาด,17500,12/6/18,6/12/18
ศรีสะเกษ1,1,ศรีสะเกษ,กันทรารมณ์,เพื่อไทย,นายหัวแตก ดุไว้,800,แพ้ขาด,1500,12/7/18,7/12/18
ศรีสะเกษ1,1,ศรีสะเกษ,กันทรารมณ์,อนาคตใหม่,นางอิอิ รุ้งสวัสดิื,5000,แพ้ขาด,5500,12/7/18,7/12/18
ศรีสะเกษ1,1,ศรีสะเกษ,กันทรารมณ์,ภูมิใจไทย,นางดอก โลกสวย,5000,แพ้ขาด,6000,12/7/18,7/12/18
ศรีสะเกษ1,1,ศรีสะเกษ,กันทรารมณ์,ประชาธิปัตย์,นายแก้ว ไม่ใส,40000,ชนะขาด,17500,12/7/18,7/12/18
ศรีสะเกษ2,2,ศรีสะเกษ,กันทราลัก,เพื่อไทย,นายทอง ดีบุก,8700,สูสี หนีแพ้,9000,12/1/18,1/12/18
ศรีสะเกษ2,2,ศรีสะเกษ,กันทราลัก,อนาคตใหม่,นายทองคำ ขำไม่ออก,7800,สูสี หนีแพ้,9000,12/1/18,1/12/18
ศรีสะเกษ2,2,ศรีสะเกษ,กันทราลัก,ภูมิใจไทย,นายเพ รถ,5000,สูสี หนีแพ้,7500,12/1/18,1/12/18
ศรีสะเกษ2,2,ศรีสะเกษ,กันทราลัก,ประชาธิปัตย์,นายขนม หวานนะจ๊ะ,4000,สูสี หนีแพ้,7500,12/1/18,1/12/18
ศรีสะเกษ2,2,ศรีสะเกษ,กันทราลัก,เพื่อไทย,นายทอง ดีบุก,8900,สูสี หนีแพ้,9000,12/2/18,2/12/18
ศรีสะเกษ2,2,ศรีสะเกษ,กันทราลัก,อนาคตใหม่,นายทองคำ ขำไม่ออก,7600,สูสี หนีแพ้,9000,12/2/18,2/12/18
ศรีสะเกษ2,2,ศรีสะเกษ,กันทราลัก,ภูมิใจไทย,นายเพ รถ,4500,สูสี หนีแพ้,7500,12/2/18,2/12/18
ศรีสะเกษ2,2,ศรีสะเกษ,กันทราลัก,ประชาธิปัตย์,นายขนม หวานนะจ๊ะ,4500,สูสี หนีแพ้,7500,12/2/18,2/12/18
ศรีสะเกษ2,2,ศรีสะเกษ,กันทราลัก,เพื่อไทย,นายทอง ดีบุก,9000,สูสี หนีแพ้,9000,12/3/18,3/12/18
ศรีสะเกษ2,2,ศรีสะเกษ,กันทราลัก,อนาคตใหม่,นายทองคำ ขำไม่ออก,8000,สูสี หนีแพ้,9000,12/3/18,3/12/18
ศรีสะเกษ2,2,ศรีสะเกษ,กันทราลัก,ภูมิใจไทย,นายเพ รถ,4000,สูสี หนีแพ้,7500,12/3/18,3/12/18
ศรีสะเกษ2,2,ศรีสะเกษ,กันทราลัก,ประชาธิปัตย์,นายขนม หวานนะจ๊ะ,4500,สูสี หนีแพ้,7500,12/3/18,3/12/18
ศรีสะเกษ2,2,ศรีสะเกษ,กันทราลัก,เพื่อไทย,นายทอง ดีบุก,8700,สูสี หนีแพ้,9000,12/4/18,4/12/18
ศรีสะเกษ2,2,ศรีสะเกษ,กันทราลัก,อนาคตใหม่,นายทองคำ ขำไม่ออก,7800,สูสี หนีแพ้,9000,12/4/18,4/12/18
ศรีสะเกษ2,2,ศรีสะเกษ,กันทราลัก,ภูมิใจไทย,นายเพ รถ,5000,สูสี หนีแพ้,7500,12/4/18,4/12/18
ศรีสะเกษ2,2,ศรีสะเกษ,กันทราลัก,ประชาธิปัตย์,นายขนม หวานนะจ๊ะ,4000,สูสี หนีแพ้,7500,12/4/18,4/12/18
ศรีสะเกษ2,2,ศรีสะเกษ,กันทราลัก,เพื่อไทย,นายทอง ดีบุก,8900,สูสี หนีแพ้,9000,12/5/18,5/12/18
ศรีสะเกษ2,2,ศรีสะเกษ,กันทราลัก,อนาคตใหม่,นายทองคำ ขำไม่ออก,7600,สูสี หนีแพ้,9000,12/5/18,5/12/18
ศรีสะเกษ2,2,ศรีสะเกษ,กันทราลัก,ภูมิใจไทย,นายเพ รถ,4500,สูสี หนีแพ้,7500,12/5/18,5/12/18
ศรีสะเกษ2,2,ศรีสะเกษ,กันทราลัก,ประชาธิปัตย์,นายขนม หวานนะจ๊ะ,4500,สูสี หนีแพ้,7500,12/5/18,5/12/18
ศรีสะเกษ2,2,ศรีสะเกษ,กันทราลัก,เพื่อไทย,นายทอง ดีบุก,9000,สูสี หนีแพ้,9000,12/6/18,6/12/18
ศรีสะเกษ2,2,ศรีสะเกษ,กันทราลัก,อนาคตใหม่,นายทองคำ ขำไม่ออก,8000,สูสี หนีแพ้,9000,12/6/18,6/12/18
ศรีสะเกษ2,2,ศรีสะเกษ,กันทราลัก,ภูมิใจไทย,นายเพ รถ,4000,สูสี หนีแพ้,7500,12/6/18,6/12/18
ศรีสะเกษ2,2,ศรีสะเกษ,กันทราลัก,ประชาธิปัตย์,นายขนม หวานนะจ๊ะ,4500,สูสี หนีแพ้,7500,12/6/18,6/12/18
ศรีสะเกษ2,2,ศรีสะเกษ,กันทราลัก,เพื่อไทย,นายทอง ดีบุก,9000,สูสี หนีแพ้,9000,12/7/18,7/12/18
ศรีสะเกษ2,2,ศรีสะเกษ,กันทราลัก,อนาคตใหม่,นายทองคำ ขำไม่ออก,8000,สูสี หนีแพ้,9000,12/7/18,7/12/18
ศรีสะเกษ2,2,ศรีสะเกษ,กันทราลัก,ภูมิใจไทย,นายเพ รถ,4000,สูสี หนีแพ้,7500,12/7/18,7/12/18
ศรีสะเกษ2,2,ศรีสะเกษ,กันทราลัก,ประชาธิปัตย์,นายขนม หวานนะจ๊ะ,4500,สูสี หนีแพ้,7500,12/7/18,7/12/18
ศรีสะเกษ3,3,ศรีสะเกษ,หญ้าปล้อง,เพื่อไทย,นายไข่ม้วล ย่อส่วน,50000,ชนะขาด,25000,12/1/18,1/12/18
ศรีสะเกษ3,3,ศรีสะเกษ,หญ้าปล้อง,อนาคตใหม่,นางพังงา ช้าง,500,แพ้ขาด,1500,12/1/18,1/12/18
ศรีสะเกษ3,3,ศรีสะเกษ,หญ้าปล้อง,ภูมิใจไทย,นายยูริ คงอยู่,13554,แพ้ขาด,17000,12/1/18,1/12/18
ศรีสะเกษ3,3,ศรีสะเกษ,หญ้าปล้อง,ประชาธิปัตย์,นางคุณค่ะ ชื่อไร,5000,แพ้ขาด,7500,12/1/18,1/12/18
ศรีสะเกษ3,3,ศรีสะเกษ,หญ้าปล้อง,เพื่อไทย,นายไข่ม้วล ย่อส่วน,49000,ชนะขาด,25000,12/2/18,2/12/18
ศรีสะเกษ3,3,ศรีสะเกษ,หญ้าปล้อง,อนาคตใหม่,นางพังงา ช้าง,1000,แพ้ขาด,1500,12/2/18,2/12/18
ศรีสะเกษ3,3,ศรีสะเกษ,หญ้าปล้อง,ภูมิใจไทย,นายยูริ คงอยู่,14000,แพ้ขาด,17000,12/2/18,2/12/18
ศรีสะเกษ3,3,ศรีสะเกษ,หญ้าปล้อง,ประชาธิปัตย์,นางคุณค่ะ ชื่อไร,5000,แพ้ขาด,7500,12/2/18,2/12/18
ศรีสะเกษ3,3,ศรีสะเกษ,หญ้าปล้อง,เพื่อไทย,นายไข่ม้วล ย่อส่วน,45000,ชนะขาด,25000,12/3/18,3/12/18
ศรีสะเกษ3,3,ศรีสะเกษ,หญ้าปล้อง,อนาคตใหม่,นางพังงา ช้าง,600,แพ้ขาด,1500,12/3/18,3/12/18
ศรีสะเกษ3,3,ศรีสะเกษ,หญ้าปล้อง,ภูมิใจไทย,นายยูริ คงอยู่,17000,แพ้ขาด,17000,12/3/18,3/12/18
ศรีสะเกษ3,3,ศรีสะเกษ,หญ้าปล้อง,ประชาธิปัตย์,นางคุณค่ะ ชื่อไร,6000,แพ้ขาด,7500,12/3/18,3/12/18
ศรีสะเกษ3,3,ศรีสะเกษ,หญ้าปล้อง,เพื่อไทย,นายไข่ม้วล ย่อส่วน,45000,ชนะขาด,25000,12/4/18,4/12/18
ศรีสะเกษ3,3,ศรีสะเกษ,หญ้าปล้อง,อนาคตใหม่,นางพังงา ช้าง,600,แพ้ขาด,1500,12/4/18,4/12/18
ศรีสะเกษ3,3,ศรีสะเกษ,หญ้าปล้อง,ภูมิใจไทย,นายยูริ คงอยู่,17000,แพ้ขาด,17000,12/4/18,4/12/18
ศรีสะเกษ3,3,ศรีสะเกษ,หญ้าปล้อง,ประชาธิปัตย์,นางคุณค่ะ ชื่อไร,6000,แพ้ขาด,7500,12/4/18,4/12/18
ศรีสะเกษ3,3,ศรีสะเกษ,หญ้าปล้อง,เพื่อไทย,นายไข่ม้วล ย่อส่วน,45000,ชนะขาด,25000,12/5/18,5/12/18
ศรีสะเกษ3,3,ศรีสะเกษ,หญ้าปล้อง,อนาคตใหม่,นางพังงา ช้าง,600,แพ้ขาด,1500,12/5/18,5/12/18
ศรีสะเกษ3,3,ศรีสะเกษ,หญ้าปล้อง,ภูมิใจไทย,นายยูริ คงอยู่,17000,แพ้ขาด,17000,12/5/18,5/12/18
ศรีสะเกษ3,3,ศรีสะเกษ,หญ้าปล้อง,ประชาธิปัตย์,นางคุณค่ะ ชื่อไร,6000,แพ้ขาด,7500,12/5/18,5/12/18
ศรีสะเกษ3,3,ศรีสะเกษ,หญ้าปล้อง,เพื่อไทย,นายไข่ม้วล ย่อส่วน,50000,ชนะขาด,25000,12/6/18,6/12/18
ศรีสะเกษ3,3,ศรีสะเกษ,หญ้าปล้อง,อนาคตใหม่,นางพังงา ช้าง,500,แพ้ขาด,1500,12/6/18,6/12/18
ศรีสะเกษ3,3,ศรีสะเกษ,หญ้าปล้อง,ภูมิใจไทย,นายยูริ คงอยู่,13554,แพ้ขาด,17000,12/6/18,6/12/18
ศรีสะเกษ3,3,ศรีสะเกษ,หญ้าปล้อง,ประชาธิปัตย์,นางคุณค่ะ ชื่อไร,5000,แพ้ขาด,7500,12/6/18,6/12/18
ศรีสะเกษ3,3,ศรีสะเกษ,หญ้าปล้อง,เพื่อไทย,นายไข่ม้วล ย่อส่วน,45000,ชนะขาด,25000,12/7/18,7/12/18
ศรีสะเกษ3,3,ศรีสะเกษ,หญ้าปล้อง,อนาคตใหม่,นางพังงา ช้าง,600,แพ้ขาด,1500,12/7/18,7/12/18
ศรีสะเกษ3,3,ศรีสะเกษ,หญ้าปล้อง,ภูมิใจไทย,นายยูริ คงอยู่,17000,แพ้ขาด,17000,12/7/18,7/12/18
ศรีสะเกษ3,3,ศรีสะเกษ,หญ้าปล้อง,ประชาธิปัตย์,นางคุณค่ะ ชื่อไร,6000,แพ้ขาด,7500,12/7/18,7/12/18
ศรีสะเกษ4,4,ศรีสะเกษ,แย้,เพื่อไทย,นายเจอ  ได้ไง,12000,สูสี หนีแพ้,15000,12/1/18,1/12/18
ศรีสะเกษ4,4,ศรีสะเกษ,แย้,อนาคตใหม่,นางชนะ  ขาด,11500,สูสี หนีแพ้,15000,12/1/18,1/12/18
ศรีสะเกษ4,4,ศรีสะเกษ,แย้,ภูมิใจไทย,นายชนะ  มั้ย,4500,แพ้ขาด,6000,12/1/18,1/12/18
ศรีสะเกษ4,4,ศรีสะเกษ,แย้,ประชาธิปัตย์,นางกิน  ดี,5000,แพ้ขาด,6500,12/1/18,1/12/18
ศรีสะเกษ4,4,ศรีสะเกษ,แย้,เพื่อไทย,นายเจอ  ได้ไง,13000,สูสี หนีแพ้,15000,12/2/18,2/12/18
ศรีสะเกษ4,4,ศรีสะเกษ,แย้,อนาคตใหม่,นางชนะ  ขาด,12800,สูสี หนีแพ้,15000,12/2/18,2/12/18
ศรีสะเกษ4,4,ศรีสะเกษ,แย้,ภูมิใจไทย,นายชนะ  มั้ย,4000,แพ้ขาด,6000,12/2/18,2/12/18
ศรีสะเกษ4,4,ศรีสะเกษ,แย้,ประชาธิปัตย์,นางกิน  ดี,4200,แพ้ขาด,6500,12/2/18,2/12/18
ศรีสะเกษ4,4,ศรีสะเกษ,แย้,เพื่อไทย,นายเจอ  ได้ไง,12000,สูสี หนีแพ้,15000,12/3/18,3/12/18
ศรีสะเกษ4,4,ศรีสะเกษ,แย้,อนาคตใหม่,นางชนะ  ขาด,11500,สูสี หนีแพ้,15000,12/3/18,3/12/18
ศรีสะเกษ4,4,ศรีสะเกษ,แย้,ภูมิใจไทย,นายชนะ  มั้ย,4500,แพ้ขาด,6000,12/3/18,3/12/18
ศรีสะเกษ4,4,ศรีสะเกษ,แย้,ประชาธิปัตย์,นางกิน  ดี,5000,แพ้ขาด,6500,12/3/18,3/12/18
ศรีสะเกษ4,4,ศรีสะเกษ,แย้,เพื่อไทย,นายเจอ  ได้ไง,12000,สูสี หนีแพ้,15000,12/4/18,4/12/18
ศรีสะเกษ4,4,ศรีสะเกษ,แย้,อนาคตใหม่,นางชนะ  ขาด,11500,สูสี หนีแพ้,15000,12/4/18,4/12/18
ศรีสะเกษ4,4,ศรีสะเกษ,แย้,ภูมิใจไทย,นายชนะ  มั้ย,4500,แพ้ขาด,6000,12/4/18,4/12/18
ศรีสะเกษ4,4,ศรีสะเกษ,แย้,ประชาธิปัตย์,นางกิน  ดี,5000,แพ้ขาด,6500,12/4/18,4/12/18
ศรีสะเกษ4,4,ศรีสะเกษ,แย้,เพื่อไทย,นายเจอ  ได้ไง,13000,สูสี หนีแพ้,15000,12/5/18,5/12/18
ศรีสะเกษ4,4,ศรีสะเกษ,แย้,อนาคตใหม่,นางชนะ  ขาด,12800,สูสี หนีแพ้,15000,12/5/18,5/12/18
ศรีสะเกษ4,4,ศรีสะเกษ,แย้,ภูมิใจไทย,นายชนะ  มั้ย,4000,แพ้ขาด,6000,12/5/18,5/12/18
ศรีสะเกษ4,4,ศรีสะเกษ,แย้,ประชาธิปัตย์,นางกิน  ดี,4200,แพ้ขาด,6500,12/5/18,5/12/18
ศรีสะเกษ4,4,ศรีสะเกษ,แย้,เพื่อไทย,นายเจอ  ได้ไง,13000,สูสี หนีแพ้,15000,12/6/18,6/12/18
ศรีสะเกษ4,4,ศรีสะเกษ,แย้,อนาคตใหม่,นางชนะ  ขาด,12800,สูสี หนีแพ้,15000,12/6/18,6/12/18
ศรีสะเกษ4,4,ศรีสะเกษ,แย้,ภูมิใจไทย,นายชนะ  มั้ย,4000,แพ้ขาด,6000,12/6/18,6/12/18
ศรีสะเกษ4,4,ศรีสะเกษ,แย้,ประชาธิปัตย์,นางกิน  ดี,4200,แพ้ขาด,6500,12/6/18,6/12/18
ศรีสะเกษ4,4,ศรีสะเกษ,แย้,เพื่อไทย,นายเจอ  ได้ไง,13000,สูสี หนีแพ้,15000,12/7/18,7/12/18
ศรีสะเกษ4,4,ศรีสะเกษ,แย้,อนาคตใหม่,นางชนะ  ขาด,12800,สูสี หนีแพ้,15000,12/7/18,7/12/18
ศรีสะเกษ4,4,ศรีสะเกษ,แย้,ภูมิใจไทย,นายชนะ  มั้ย,4000,แพ้ขาด,6000,12/7/18,7/12/18
ศรีสะเกษ4,4,ศรีสะเกษ,แย้,ประชาธิปัตย์,นางกิน  ดี,4200,แพ้ขาด,6500,12/7/18,7/12/18
ศรีสะเกษ5,5,ศรีสะเกษ,หนองครก,เพื่อไทย,นายกิน  จุ,8000,สูสี หนีแพ้,12000,12/1/18,1/12/18
ศรีสะเกษ5,5,ศรีสะเกษ,หนองครก,อนาคตใหม่,นายบิน  ได้ด้วย,10000,สูสี หนีแพ้,12000,12/1/18,1/12/18
ศรีสะเกษ5,5,ศรีสะเกษ,หนองครก,ภูมิใจไทย,นางจรวจ  รวดเร็ว,4000,แพ้ขาด,5500,12/1/18,1/12/18
ศรีสะเกษ5,5,ศรีสะเกษ,หนองครก,ประชาธิปัตย์,นายไปไหน  ก็เรื่องของผม,3500,แพ้ขาด,4000,12/1/18,1/12/18
ศรีสะเกษ5,5,ศรีสะเกษ,หนองครก,เพื่อไทย,นายกิน  จุ,7500,สูสี หนีแพ้,12000,12/2/18,2/12/18
ศรีสะเกษ5,5,ศรีสะเกษ,หนองครก,อนาคตใหม่,นายบิน  ได้ด้วย,11000,สูสี หนีแพ้,12000,12/2/18,2/12/18
ศรีสะเกษ5,5,ศรีสะเกษ,หนองครก,ภูมิใจไทย,นางจรวจ  รวดเร็ว,3000,แพ้ขาด,5500,12/2/18,2/12/18
ศรีสะเกษ5,5,ศรีสะเกษ,หนองครก,ประชาธิปัตย์,นายไปไหน  ก็เรื่องของผม,4000,แพ้ขาด,4000,12/2/18,2/12/18
ศรีสะเกษ5,5,ศรีสะเกษ,หนองครก,เพื่อไทย,นายกิน  จุ,8000,สูสี หนีแพ้,12000,12/3/18,3/12/18
ศรีสะเกษ5,5,ศรีสะเกษ,หนองครก,อนาคตใหม่,นายบิน  ได้ด้วย,12000,สูสี หนีแพ้,12000,12/3/18,3/12/18
ศรีสะเกษ5,5,ศรีสะเกษ,หนองครก,ภูมิใจไทย,นางจรวจ  รวดเร็ว,2000,แพ้ขาด,5500,12/3/18,3/12/18
ศรีสะเกษ5,5,ศรีสะเกษ,หนองครก,ประชาธิปัตย์,นายไปไหน  ก็เรื่องของผม,3500,แพ้ขาด,4000,12/3/18,3/12/18
ศรีสะเกษ5,5,ศรีสะเกษ,หนองครก,เพื่อไทย,นายกิน  จุ,8000,สูสี หนีแพ้,12000,12/4/18,4/12/18
ศรีสะเกษ5,5,ศรีสะเกษ,หนองครก,อนาคตใหม่,นายบิน  ได้ด้วย,10000,สูสี หนีแพ้,12000,12/4/18,4/12/18
ศรีสะเกษ5,5,ศรีสะเกษ,หนองครก,ภูมิใจไทย,นางจรวจ  รวดเร็ว,4000,แพ้ขาด,5500,12/4/18,4/12/18
ศรีสะเกษ5,5,ศรีสะเกษ,หนองครก,ประชาธิปัตย์,นายไปไหน  ก็เรื่องของผม,3500,แพ้ขาด,4000,12/4/18,4/12/18
ศรีสะเกษ5,5,ศรีสะเกษ,หนองครก,เพื่อไทย,นายกิน  จุ,7500,สูสี หนีแพ้,12000,12/5/18,5/12/18
ศรีสะเกษ5,5,ศรีสะเกษ,หนองครก,อนาคตใหม่,นายบิน  ได้ด้วย,11000,สูสี หนีแพ้,12000,12/5/18,5/12/18
ศรีสะเกษ5,5,ศรีสะเกษ,หนองครก,ภูมิใจไทย,นางจรวจ  รวดเร็ว,3000,แพ้ขาด,5500,12/5/18,5/12/18
ศรีสะเกษ5,5,ศรีสะเกษ,หนองครก,ประชาธิปัตย์,นายไปไหน  ก็เรื่องของผม,4000,แพ้ขาด,4000,12/5/18,5/12/18
ศรีสะเกษ5,5,ศรีสะเกษ,หนองครก,เพื่อไทย,นายกิน  จุ,8000,สูสี หนีแพ้,12000,12/6/18,6/12/18
ศรีสะเกษ5,5,ศรีสะเกษ,หนองครก,อนาคตใหม่,นายบิน  ได้ด้วย,12000,สูสี หนีแพ้,12000,12/6/18,6/12/18
ศรีสะเกษ5,5,ศรีสะเกษ,หนองครก,ภูมิใจไทย,นางจรวจ  รวดเร็ว,2000,แพ้ขาด,5500,12/6/18,6/12/18
ศรีสะเกษ5,5,ศรีสะเกษ,หนองครก,ประชาธิปัตย์,นายไปไหน  ก็เรื่องของผม,3500,แพ้ขาด,4000,12/6/18,6/12/18
ศรีสะเกษ5,5,ศรีสะเกษ,หนองครก,เพื่อไทย,นายกิน  จุ,8000,สูสี หนีแพ้,12000,12/7/18,7/12/18
ศรีสะเกษ5,5,ศรีสะเกษ,หนองครก,อนาคตใหม่,นายบิน  ได้ด้วย,10000,สูสี หนีแพ้,12000,12/7/18,7/12/18
ศรีสะเกษ5,5,ศรีสะเกษ,หนองครก,ภูมิใจไทย,นางจรวจ  รวดเร็ว,4000,แพ้ขาด,5500,12/7/18,7/12/18
ศรีสะเกษ5,5,ศรีสะเกษ,หนองครก,ประชาธิปัตย์,นายไปไหน  ก็เรื่องของผม,3500,แพ้ขาด,4000,12/7/18,7/12/18
เชียงราย1,1,เชียงราย,เมือง,เพื่อไทย,นางหนัง  สือดี,5000,แพ้ขาด,7500,12/1/18,1/12/18
เชียงราย1,1,เชียงราย,เมือง,อนาคตใหม่,นายกินได้กินดี   กินเยอะเกิ๊น,57000,ชนะขาด,40000,12/1/18,1/12/18
เชียงราย1,1,เชียงราย,เมือง,ภูมิใจไทย,นางใจ หมา,5000,แพ้ขาด,7000,12/1/18,1/12/18
เชียงราย1,1,เชียงราย,เมือง,ประชาธิปัตย์,นายจาง เป้าบาน,5000,แพ้ขาด,7000,12/1/18,1/12/18
เชียงราย1,1,เชียงราย,เมือง,เพื่อไทย,นางหนัง  สือดี,6000,แพ้ขาด,7500,12/2/18,2/12/18
เชียงราย1,1,เชียงราย,เมือง,อนาคตใหม่,นายกินได้กินดี   กินเยอะเกิ๊น,54000,ชนะขาด,40000,12/2/18,2/12/18
เชียงราย1,1,เชียงราย,เมือง,ภูมิใจไทย,นางใจ หมา,6000,แพ้ขาด,7000,12/2/18,2/12/18
เชียงราย1,1,เชียงราย,เมือง,ประชาธิปัตย์,นายจาง เป้าบาน,6000,แพ้ขาด,7000,12/2/18,2/12/18
เชียงราย1,1,เชียงราย,เมือง,เพื่อไทย,นางหนัง  สือดี,5000,แพ้ขาด,7500,12/3/18,3/12/18
เชียงราย1,1,เชียงราย,เมือง,อนาคตใหม่,นายกินได้กินดี   กินเยอะเกิ๊น,57000,ชนะขาด,40000,12/3/18,3/12/18
เชียงราย1,1,เชียงราย,เมือง,ภูมิใจไทย,นางใจ หมา,5000,แพ้ขาด,7000,12/3/18,3/12/18
เชียงราย1,1,เชียงราย,เมือง,ประชาธิปัตย์,นายจาง เป้าบาน,5000,แพ้ขาด,7000,12/3/18,3/12/18
เชียงราย1,1,เชียงราย,เมือง,เพื่อไทย,นางหนัง  สือดี,5000,แพ้ขาด,7500,12/4/18,4/12/18
เชียงราย1,1,เชียงราย,เมือง,อนาคตใหม่,นายกินได้กินดี   กินเยอะเกิ๊น,57000,ชนะขาด,40000,12/4/18,4/12/18
เชียงราย1,1,เชียงราย,เมือง,ภูมิใจไทย,นางใจ หมา,5000,แพ้ขาด,7000,12/4/18,4/12/18
เชียงราย1,1,เชียงราย,เมือง,ประชาธิปัตย์,นายจาง เป้าบาน,5000,แพ้ขาด,7000,12/4/18,4/12/18
เชียงราย1,1,เชียงราย,เมือง,เพื่อไทย,นางหนัง  สือดี,5000,แพ้ขาด,7500,12/5/18,5/12/18
เชียงราย1,1,เชียงราย,เมือง,อนาคตใหม่,นายกินได้กินดี   กินเยอะเกิ๊น,57000,ชนะขาด,40000,12/5/18,5/12/18
เชียงราย1,1,เชียงราย,เมือง,ภูมิใจไทย,นางใจ หมา,5000,แพ้ขาด,7000,12/5/18,5/12/18
เชียงราย1,1,เชียงราย,เมือง,ประชาธิปัตย์,นายจาง เป้าบาน,5000,แพ้ขาด,7000,12/5/18,5/12/18
เชียงราย1,1,เชียงราย,เมือง,เพื่อไทย,นางหนัง  สือดี,5000,แพ้ขาด,7500,12/6/18,6/12/18
เชียงราย1,1,เชียงราย,เมือง,อนาคตใหม่,นายกินได้กินดี   กินเยอะเกิ๊น,57000,ชนะขาด,40000,12/6/18,6/12/18
เชียงราย1,1,เชียงราย,เมือง,ภูมิใจไทย,นางใจ หมา,5000,แพ้ขาด,7000,12/6/18,6/12/18
เชียงราย1,1,เชียงราย,เมือง,ประชาธิปัตย์,นายจาง เป้าบาน,5000,แพ้ขาด,7000,12/6/18,6/12/18
เชียงราย1,1,เชียงราย,เมือง,เพื่อไทย,นางหนัง  สือดี,6000,แพ้ขาด,7500,12/7/18,7/12/18
เชียงราย1,1,เชียงราย,เมือง,อนาคตใหม่,นายกินได้กินดี   กินเยอะเกิ๊น,54000,ชนะขาด,40000,12/7/18,7/12/18
เชียงราย1,1,เชียงราย,เมือง,ภูมิใจไทย,นางใจ หมา,6000,แพ้ขาด,7000,12/7/18,7/12/18
เชียงราย1,1,เชียงราย,เมือง,ประชาธิปัตย์,นายจาง เป้าบาน,6000,แพ้ขาด,7000,12/7/18,7/12/18
เชียงราย2,2,เชียงราย,ปาย,เพื่อไทย,นางที่ดี ไม่มี,68000,ชนะขาด,30000,12/1/18,1/12/18
เชียงราย2,2,เชียงราย,ปาย,อนาคตใหม่,นายกินหมา อร่อยจัง,4500,แพ้ขาด,7000,12/1/18,1/12/18
เชียงราย2,2,เชียงราย,ปาย,ภูมิใจไทย,นางจร จัดจ้าน,5000,แพ้ขาด,8000,12/1/18,1/12/18
เชียงราย2,2,เชียงราย,ปาย,ประชาธิปัตย์,นายจัง ไรมาก,3455,แพ้ขาด,4000,12/1/18,1/12/18
เชียงราย2,2,เชียงราย,ปาย,เพื่อไทย,นางที่ดี ไม่มี,57000,ชนะขาด,30000,12/2/18,2/12/18
เชียงราย2,2,เชียงราย,ปาย,อนาคตใหม่,นายกินหมา อร่อยจัง,6000,แพ้ขาด,7000,12/2/18,2/12/18
เชียงราย2,2,เชียงราย,ปาย,ภูมิใจไทย,นางจร จัดจ้าน,7500,แพ้ขาด,8000,12/2/18,2/12/18
เชียงราย2,2,เชียงราย,ปาย,ประชาธิปัตย์,นายจัง ไรมาก,5000,แพ้ขาด,4000,12/2/18,2/12/18
เชียงราย2,2,เชียงราย,ปาย,เพื่อไทย,นางที่ดี ไม่มี,65000,ชนะขาด,30000,12/3/18,3/12/18
เชียงราย2,2,เชียงราย,ปาย,อนาคตใหม่,นายกินหมา อร่อยจัง,5500,แพ้ขาด,7000,12/3/18,3/12/18
เชียงราย2,2,เชียงราย,ปาย,ภูมิใจไทย,นางจร จัดจ้าน,6000,แพ้ขาด,8000,12/3/18,3/12/18
เชียงราย2,2,เชียงราย,ปาย,ประชาธิปัตย์,นายจัง ไรมาก,4000,แพ้ขาด,4000,12/3/18,3/12/18
เชียงราย2,2,เชียงราย,ปาย,เพื่อไทย,นางที่ดี ไม่มี,65000,ชนะขาด,30000,12/4/18,4/12/18
เชียงราย2,2,เชียงราย,ปาย,อนาคตใหม่,นายกินหมา อร่อยจัง,5500,แพ้ขาด,7000,12/4/18,4/12/18
เชียงราย2,2,เชียงราย,ปาย,ภูมิใจไทย,นางจร จัดจ้าน,6000,แพ้ขาด,8000,12/4/18,4/12/18
เชียงราย2,2,เชียงราย,ปาย,ประชาธิปัตย์,นายจัง ไรมาก,4000,แพ้ขาด,4000,12/4/18,4/12/18
เชียงราย2,2,เชียงราย,ปาย,เพื่อไทย,นางที่ดี ไม่มี,68000,ชนะขาด,30000,12/5/18,5/12/18
เชียงราย2,2,เชียงราย,ปาย,อนาคตใหม่,นายกินหมา อร่อยจัง,4500,แพ้ขาด,7000,12/5/18,5/12/18
เชียงราย2,2,เชียงราย,ปาย,ภูมิใจไทย,นางจร จัดจ้าน,5000,แพ้ขาด,8000,12/5/18,5/12/18
เชียงราย2,2,เชียงราย,ปาย,ประชาธิปัตย์,นายจัง ไรมาก,3455,แพ้ขาด,4000,12/5/18,5/12/18
เชียงราย2,2,เชียงราย,ปาย,เพื่อไทย,นางที่ดี ไม่มี,57000,ชนะขาด,30000,12/6/18,6/12/18
เชียงราย2,2,เชียงราย,ปาย,อนาคตใหม่,นายกินหมา อร่อยจัง,6000,แพ้ขาด,7000,12/6/18,6/12/18
เชียงราย2,2,เชียงราย,ปาย,ภูมิใจไทย,นางจร จัดจ้าน,7500,แพ้ขาด,8000,12/6/18,6/12/18
เชียงราย2,2,เชียงราย,ปาย,ประชาธิปัตย์,นายจัง ไรมาก,5000,แพ้ขาด,4000,12/6/18,6/12/18
เชียงราย2,2,เชียงราย,ปาย,เพื่อไทย,นางที่ดี ไม่มี,65000,ชนะขาด,30000,12/7/18,7/12/18
เชียงราย2,2,เชียงราย,ปาย,อนาคตใหม่,นายกินหมา อร่อยจัง,5500,แพ้ขาด,7000,12/7/18,7/12/18
เชียงราย2,2,เชียงราย,ปาย,ภูมิใจไทย,นางจร จัดจ้าน,6000,แพ้ขาด,8000,12/7/18,7/12/18
เชียงราย2,2,เชียงราย,ปาย,ประชาธิปัตย์,นายจัง ไรมาก,4000,แพ้ขาด,4000,12/7/18,7/12/18
เชียงราย3,3,เชียงราย,ปูลม,เพื่อไทย,นางสิง สอนแก้ว,46754,สูสี หนีแพ้,50000,1/12/18,1/12/18
เชียงราย3,3,เชียงราย,ปูลม,อนาคตใหม่,นายหัว หน้าหม้อ,45000,สูสี หนีแพ้,50000,1/12/18,1/12/18
เชียงราย3,3,เชียงราย,ปูลม,ภูมิใจไทย,นางจิ๊บ จิบชา,1300,แพ้ขาด,2500,1/12/18,1/12/18
เชียงราย3,3,เชียงราย,ปูลม,ประชาธิปัตย์,นายปลา ปากฉลา,5000,แพ้ขาด,6000,1/12/18,1/12/18
เชียงราย3,3,เชียงราย,ปูลม,เพื่อไทย,นางสิง สอนแก้ว,47000,สูสี หนีแพ้,50000,2/12/18,2/12/18
เชียงราย3,3,เชียงราย,ปูลม,อนาคตใหม่,นายหัว หน้าหม้อ,46500,สูสี หนีแพ้,50000,2/12/18,2/12/18
เชียงราย3,3,เชียงราย,ปูลม,ภูมิใจไทย,นางจิ๊บ จิบชา,800,แพ้ขาด,2500,2/12/18,2/12/18
เชียงราย3,3,เชียงราย,ปูลม,ประชาธิปัตย์,นายปลา ปากฉลา,3200,แพ้ขาด,6000,2/12/18,2/12/18
เชียงราย3,3,เชียงราย,ปูลม,เพื่อไทย,นางสิง สอนแก้ว,47000,สูสี หนีแพ้,50000,3/12/18,3/12/18
เชียงราย3,3,เชียงราย,ปูลม,อนาคตใหม่,นายหัว หน้าหม้อ,46500,สูสี หนีแพ้,50000,3/12/18,3/12/18
เชียงราย3,3,เชียงราย,ปูลม,ภูมิใจไทย,นางจิ๊บ จิบชา,800,แพ้ขาด,2500,3/12/18,3/12/18
เชียงราย3,3,เชียงราย,ปูลม,ประชาธิปัตย์,นายปลา ปากฉลา,3200,แพ้ขาด,6000,3/12/18,3/12/18
เชียงราย3,3,เชียงราย,ปูลม,เพื่อไทย,นางสิง สอนแก้ว,46754,สูสี หนีแพ้,50000,4/12/18,4/12/18
เชียงราย3,3,เชียงราย,ปูลม,อนาคตใหม่,นายหัว หน้าหม้อ,45000,สูสี หนีแพ้,50000,4/12/18,4/12/18
เชียงราย3,3,เชียงราย,ปูลม,ภูมิใจไทย,นางจิ๊บ จิบชา,1300,แพ้ขาด,2500,4/12/18,4/12/18
เชียงราย3,3,เชียงราย,ปูลม,ประชาธิปัตย์,นายปลา ปากฉลา,5000,แพ้ขาด,6000,4/12/18,4/12/18
เชียงราย3,3,เชียงราย,ปูลม,เพื่อไทย,นางสิง สอนแก้ว,47000,สูสี หนีแพ้,50000,5/12/18,5/12/18
เชียงราย3,3,เชียงราย,ปูลม,อนาคตใหม่,นายหัว หน้าหม้อ,46500,สูสี หนีแพ้,50000,5/12/18,5/12/18
เชียงราย3,3,เชียงราย,ปูลม,ภูมิใจไทย,นางจิ๊บ จิบชา,800,แพ้ขาด,2500,5/12/18,5/12/18
เชียงราย3,3,เชียงราย,ปูลม,ประชาธิปัตย์,นายปลา ปากฉลา,3200,แพ้ขาด,6000,5/12/18,5/12/18
เชียงราย3,3,เชียงราย,ปูลม,เพื่อไทย,นางสิง สอนแก้ว,47000,สูสี หนีแพ้,50000,6/12/18,6/12/18
เชียงราย3,3,เชียงราย,ปูลม,อนาคตใหม่,นายหัว หน้าหม้อ,46500,สูสี หนีแพ้,50000,6/12/18,6/12/18
เชียงราย3,3,เชียงราย,ปูลม,ภูมิใจไทย,นางจิ๊บ จิบชา,800,แพ้ขาด,2500,6/12/18,6/12/18
เชียงราย3,3,เชียงราย,ปูลม,ประชาธิปัตย์,นายปลา ปากฉลา,3200,แพ้ขาด,6000,6/12/18,6/12/18
เชียงราย3,3,เชียงราย,ปูลม,เพื่อไทย,นางสิง สอนแก้ว,46754,สูสี หนีแพ้,50000,7/12/18,7/12/18
เชียงราย3,3,เชียงราย,ปูลม,อนาคตใหม่,นายหัว หน้าหม้อ,45000,สูสี หนีแพ้,50000,7/12/18,7/12/18
เชียงราย3,3,เชียงราย,ปูลม,ภูมิใจไทย,นางจิ๊บ จิบชา,1300,แพ้ขาด,2500,7/12/18,7/12/18
เชียงราย3,3,เชียงราย,ปูลม,ประชาธิปัตย์,นายปลา ปากฉลา,5000,แพ้ขาด,6000,7/12/18,7/12/18
เชียงราย4,4,เชียงราย,บ้านเป้า,เพื่อไทย,นางอู  มามิ,8000,แพ้ขาด,7500,1/12/18,1/12/18
เชียงราย4,4,เชียงราย,บ้านเป้า,อนาคตใหม่,นายยก ซด,7500,แพ้ขาด,7500,1/12/18,1/12/18
เชียงราย4,4,เชียงราย,บ้านเป้า,ภูมิใจไทย,นางลูกอม  หวานจัง,1500,แพ้ขาด,1000,1/12/18,1/12/18
เชียงราย4,4,เชียงราย,บ้านเป้า,ประชาธิปัตย์,นายทรนง  ฉายแสง,63000,ชนะขาด,35000,1/12/18,1/12/18
เชียงราย4,4,เชียงราย,บ้านเป้า,เพื่อไทย,นางอู  มามิ,5000,แพ้ขาด,7500,2/12/18,2/12/18
เชียงราย4,4,เชียงราย,บ้านเป้า,อนาคตใหม่,นายยก ซด,5000,แพ้ขาด,7500,2/12/18,2/12/18
เชียงราย4,4,เชียงราย,บ้านเป้า,ภูมิใจไทย,นางลูกอม  หวานจัง,680,แพ้ขาด,1000,2/12/18,2/12/18
เชียงราย4,4,เชียงราย,บ้านเป้า,ประชาธิปัตย์,นายทรนง  ฉายแสง,75000,ชนะขาด,35000,2/12/18,2/12/18
เชียงราย4,4,เชียงราย,บ้านเป้า,เพื่อไทย,นางอู  มามิ,6000,แพ้ขาด,7500,3/12/18,3/12/18
เชียงราย4,4,เชียงราย,บ้านเป้า,อนาคตใหม่,นายยก ซด,7000,แพ้ขาด,7500,3/12/18,3/12/18
เชียงราย4,4,เชียงราย,บ้านเป้า,ภูมิใจไทย,นางลูกอม  หวานจัง,1500,แพ้ขาด,1000,3/12/18,3/12/18
เชียงราย4,4,เชียงราย,บ้านเป้า,ประชาธิปัตย์,นายทรนง  ฉายแสง,67000,ชนะขาด,35000,3/12/18,3/12/18
เชียงราย4,4,เชียงราย,บ้านเป้า,เพื่อไทย,นางอู  มามิ,6000,แพ้ขาด,7500,4/12/18,4/12/18
เชียงราย4,4,เชียงราย,บ้านเป้า,อนาคตใหม่,นายยก ซด,7000,แพ้ขาด,7500,4/12/18,4/12/18
เชียงราย4,4,เชียงราย,บ้านเป้า,ภูมิใจไทย,นางลูกอม  หวานจัง,1500,แพ้ขาด,1000,4/12/18,4/12/18
เชียงราย4,4,เชียงราย,บ้านเป้า,ประชาธิปัตย์,นายทรนง  ฉายแสง,67000,ชนะขาด,35000,4/12/18,4/12/18
เชียงราย4,4,เชียงราย,บ้านเป้า,เพื่อไทย,นางอู  มามิ,8000,แพ้ขาด,7500,5/12/18,5/12/18
เชียงราย4,4,เชียงราย,บ้านเป้า,อนาคตใหม่,นายยก ซด,7500,แพ้ขาด,7500,5/12/18,5/12/18
เชียงราย4,4,เชียงราย,บ้านเป้า,ภูมิใจไทย,นางลูกอม  หวานจัง,1500,แพ้ขาด,1000,5/12/18,5/12/18
เชียงราย4,4,เชียงราย,บ้านเป้า,ประชาธิปัตย์,นายทรนง  ฉายแสง,63000,ชนะขาด,35000,5/12/18,5/12/18
เชียงราย4,4,เชียงราย,บ้านเป้า,เพื่อไทย,นางอู  มามิ,5000,แพ้ขาด,7500,6/12/18,6/12/18
เชียงราย4,4,เชียงราย,บ้านเป้า,อนาคตใหม่,นายยก ซด,5000,แพ้ขาด,7500,6/12/18,6/12/18
เชียงราย4,4,เชียงราย,บ้านเป้า,ภูมิใจไทย,นางลูกอม  หวานจัง,680,แพ้ขาด,1000,6/12/18,6/12/18
เชียงราย4,4,เชียงราย,บ้านเป้า,ประชาธิปัตย์,นายทรนง  ฉายแสง,75000,ชนะขาด,35000,6/12/18,6/12/18
เชียงราย4,4,เชียงราย,บ้านเป้า,เพื่อไทย,นางอู  มามิ,6000,แพ้ขาด,7500,7/12/18,7/12/18
เชียงราย4,4,เชียงราย,บ้านเป้า,อนาคตใหม่,นายยก ซด,7000,แพ้ขาด,7500,7/12/18,7/12/18
เชียงราย4,4,เชียงราย,บ้านเป้า,ภูมิใจไทย,นางลูกอม  หวานจัง,1500,แพ้ขาด,1000,7/12/18,7/12/18
เชียงราย4,4,เชียงราย,บ้านเป้า,ประชาธิปัตย์,นายทรนง  ฉายแสง,67000,ชนะขาด,35000,7/12/18,7/12/18
ระนอง1,1,ระนอง,เมือง,เพื่อไทย,นางอู  มามิ,58000,ชนะขาด,30000,1/12/18,1/12/18
ระนอง1,1,ระนอง,เมือง,อนาคตใหม่,นายยก ซด,5000,แพ้ขาด,5500,1/12/18,1/12/18
ระนอง1,1,ระนอง,เมือง,ภูมิใจไทย,นางลูกอม  หวานจัง,680,แพ้ขาด,1800,1/12/18,1/12/18
ระนอง1,1,ระนอง,เมือง,ประชาธิปัตย์,นายทรนง  ฉายแสง,8000,แพ้ขาด,10000,1/12/18,1/12/18
ระนอง1,1,ระนอง,เมือง,เพื่อไทย,นางอู  มามิ,60000,ชนะขาด,30000,2/12/18,2/12/18
ระนอง1,1,ระนอง,เมือง,อนาคตใหม่,นายยก ซด,5500,แพ้ขาด,5500,2/12/18,2/12/18
ระนอง1,1,ระนอง,เมือง,ภูมิใจไทย,นางลูกอม  หวานจัง,1000,แพ้ขาด,1800,2/12/18,2/12/18
ระนอง1,1,ระนอง,เมือง,ประชาธิปัตย์,นายทรนง  ฉายแสง,6500,แพ้ขาด,10000,2/12/18,2/12/18
ระนอง1,1,ระนอง,เมือง,เพื่อไทย,นางอู  มามิ,55000,ชนะขาด,30000,3/12/18,3/12/18
ระนอง1,1,ระนอง,เมือง,อนาคตใหม่,นายยก ซด,7000,แพ้ขาด,5500,3/12/18,3/12/18
ระนอง1,1,ระนอง,เมือง,ภูมิใจไทย,นางลูกอม  หวานจัง,1500,แพ้ขาด,1800,3/12/18,3/12/18
ระนอง1,1,ระนอง,เมือง,ประชาธิปัตย์,นายทรนง  ฉายแสง,8000,แพ้ขาด,10000,3/12/18,3/12/18
ระนอง1,1,ระนอง,เมือง,เพื่อไทย,นางอู  มามิ,54000,ชนะขาด,30000,4/12/18,4/12/18
ระนอง1,1,ระนอง,เมือง,อนาคตใหม่,นายยก ซด,5600,แพ้ขาด,5500,4/12/18,4/12/18
ระนอง1,1,ระนอง,เมือง,ภูมิใจไทย,นางลูกอม  หวานจัง,1700,แพ้ขาด,1800,4/12/18,4/12/18
ระนอง1,1,ระนอง,เมือง,ประชาธิปัตย์,นายทรนง  ฉายแสง,8500,แพ้ขาด,10000,4/12/18,4/12/18
ระนอง1,1,ระนอง,เมือง,เพื่อไทย,นางอู  มามิ,53000,ชนะขาด,30000,5/12/18,5/12/18
ระนอง1,1,ระนอง,เมือง,อนาคตใหม่,นายยก ซด,5700,แพ้ขาด,5500,5/12/18,5/12/18
ระนอง1,1,ระนอง,เมือง,ภูมิใจไทย,นางลูกอม  หวานจัง,2000,แพ้ขาด,1800,5/12/18,5/12/18
ระนอง1,1,ระนอง,เมือง,ประชาธิปัตย์,นายทรนง  ฉายแสง,7500,แพ้ขาด,10000,5/12/18,5/12/18
ระนอง1,1,ระนอง,เมือง,เพื่อไทย,นางอู  มามิ,51000,ชนะขาด,30000,6/12/18,6/12/18
ระนอง1,1,ระนอง,เมือง,อนาคตใหม่,นายยก ซด,7500,แพ้ขาด,5500,6/12/18,6/12/18
ระนอง1,1,ระนอง,เมือง,ภูมิใจไทย,นางลูกอม  หวานจัง,2000,แพ้ขาด,1800,6/12/18,6/12/18
ระนอง1,1,ระนอง,เมือง,ประชาธิปัตย์,นายทรนง  ฉายแสง,9500,แพ้ขาด,10000,6/12/18,6/12/18
ระนอง1,1,ระนอง,เมือง,เพื่อไทย,นางอู  มามิ,45000,ชนะขาด,30000,7/12/18,7/12/18
ระนอง1,1,ระนอง,เมือง,อนาคตใหม่,นายยก ซด,8000,แพ้ขาด,5500,7/12/18,7/12/18
ระนอง1,1,ระนอง,เมือง,ภูมิใจไทย,นางลูกอม  หวานจัง,2000,แพ้ขาด,1800,7/12/18,7/12/18
ระนอง1,1,ระนอง,เมือง,ประชาธิปัตย์,นายทรนง  ฉายแสง,9600,แพ้ขาด,10000,7/12/18,7/12/18